Code du département,Libellé du département,Code de la circonscription,Libellé de la circonscription,Inscrits,Abstentions,% Abs/Ins,Votants,% Vot/Ins,Blancs,% Blancs/Ins,% Blancs/Vot,Nuls,% Nuls/Ins,% Nuls/Vot,Exprimés,% Exp/Ins,% Exp/Vot,POUTOU,MÉLENCHON,ARTHAUD,LASSALLE,DUPONT-AIGNAN,ASSELINEAU,MACRON,LE PEN,FILLON,CHEMINADE,HAMON
1,Ain,1,1ère circonscription,82653,16001,19.36,66652,80.64,1358,1.64,2.04,404,0.49,0.61,64890,78.51,97.36,614,10221,401,732,4106,622,14403,16500,13460,119,3712
1,Ain,2,2ème circonscription,93334,16744,17.94,76590,82.06,1397,1.5,1.82,437,0.47,0.57,74756,80.1,97.61,588,11711,382,598,4507,788,17395,19319,15714,129,3625
1,Ain,3,3ème circonscription,75427,16689,22.13,58738,77.87,964,1.28,1.64,328,0.43,0.56,57446,76.16,97.8,592,9695,272,614,2979,812,14550,10700,13888,106,3238
1,Ain,4,4ème circonscription,89279,16018,17.94,73261,82.06,1469,1.65,2.01,589,0.66,0.8,71203,79.75,97.19,637,9739,414,699,4818,570,15692,19428,15749,136,3321
1,Ain,5,5ème circonscription,75216,16078,21.38,59138,78.62,1154,1.53,1.95,481,0.64,0.81,57503,76.45,97.24,667,10370,373,822,3378,820,11652,15508,10993,105,2815
2,Aisne,1,1ère circonscription,72292,14556,20.14,57736,79.86,943,1.3,1.63,444,0.61,0.77,56349,77.95,97.6,627,9282,608,466,2859,421,10470,20175,8761,97,2583
2,Aisne,2,2ème circonscription,73948,16219,21.93,57729,78.07,1024,1.38,1.77,425,0.57,0.74,56280,76.11,97.49,614,10080,481,399,2773,343,10920,18356,9824,92,2398
2,Aisne,3,3ème circonscription,68126,14338,21.05,53788,78.95,1004,1.47,1.87,503,0.74,0.94,52281,76.74,97.2,593,7987,543,443,2625,354,7977,20901,8651,99,2108
2,Aisne,4,4ème circonscription,79155,18629,23.53,60526,76.47,980,1.24,1.62,477,0.6,0.79,59069,74.62,97.59,630,10755,532,431,2891,503,10746,20974,8990,109,2508
2,Aisne,5,5ème circonscription,82231,16441,19.99,65790,80.01,1096,1.33,1.67,474,0.58,0.72,64220,78.1,97.61,692,10855,600,526,3504,550,11580,22381,10759,139,2634
3,Allier,1,1ère circonscription,89724,18170,20.25,71554,79.75,1478,1.65,2.07,1102,1.23,1.54,68974,76.87,96.39,835,14043,594,904,3525,473,16276,15318,12923,134,3949
3,Allier,2,2ème circonscription,85064,19634,23.08,65430,76.92,1420,1.67,2.17,780,0.92,1.19,63230,74.33,96.64,801,14149,547,1003,3061,492,14785,13736,10933,114,3609
3,Allier,3,3ème circonscription,79158,16553,20.91,62605,79.09,1342,1.7,2.14,674,0.85,1.08,60589,76.54,96.78,692,10132,402,1081,3233,518,14683,14017,12643,107,3081
4,Alpes-de-Haute-Provence,1,1ère circonscription,61220,11285,18.43,49935,81.57,905,1.48,1.81,386,0.63,0.77,48644,79.46,97.41,615,10737,279,899,2387,457,9565,12815,8346,106,2438
4,Alpes-de-Haute-Provence,2,2ème circonscription,65358,13038,19.95,52320,80.05,901,1.38,1.72,350,0.54,0.67,51069,78.14,97.61,563,11711,242,822,2473,475,10395,11648,10096,99,2545
5,Hautes-Alpes,1,1ère circonscription,57744,10991,19.03,46753,80.97,791,1.37,1.69,348,0.6,0.74,45614,78.99,97.56,533,9528,234,767,2550,465,10204,10302,8255,66,2710
5,Hautes-Alpes,2,2ème circonscription,52163,9830,18.84,42333,81.16,750,1.44,1.77,270,0.52,0.64,41313,79.2,97.59,516,9268,177,842,2388,318,8744,8172,8390,99,2399
6,Alpes-Maritimes,1,1ère circonscription,80459,19445,24.17,61014,75.83,790,0.98,1.29,382,0.47,0.63,59842,74.38,98.08,347,10658,188,491,1952,636,12581,14144,16070,74,2701
6,Alpes-Maritimes,2,2ème circonscription,85688,17045,19.89,68643,80.11,1184,1.38,1.72,345,0.4,0.5,67114,78.32,97.77,511,10998,251,795,3238,693,12398,19995,15531,155,2549
6,Alpes-Maritimes,3,3ème circonscription,89098,20671,23.2,68427,76.8,945,1.06,1.38,379,0.43,0.55,67103,75.31,98.07,412,11895,218,572,2588,731,13254,18031,16533,97,2772
6,Alpes-Maritimes,4,4ème circonscription,85748,18421,21.48,67327,78.52,1011,1.18,1.5,386,0.45,0.57,65930,76.89,97.93,475,9820,237,730,2939,711,10584,21772,16561,104,1997
6,Alpes-Maritimes,5,5ème circonscription,87923,18446,20.98,69477,79.02,948,1.08,1.36,450,0.51,0.65,68079,77.43,97.99,381,10591,184,699,2908,688,12489,20800,16904,82,2353
6,Alpes-Maritimes,6,6ème circonscription,78084,15109,19.35,62975,80.65,1125,1.44,1.79,159,0.2,0.25,61691,79.01,97.96,324,7510,138,479,2988,616,11529,18287,17858,100,1862
6,Alpes-Maritimes,7,7ème circonscription,92847,17757,19.13,75090,80.87,1166,1.26,1.55,270,0.29,0.36,73654,79.33,98.09,445,9857,183,617,3282,775,16064,16532,22855,131,2913
6,Alpes-Maritimes,8,8ème circonscription,82014,18509,22.57,63505,77.43,880,1.07,1.39,298,0.36,0.47,62327,76,98.15,338,8183,161,403,2400,614,11025,16682,20641,106,1774
6,Alpes-Maritimes,9,9ème circonscription,79900,16502,20.65,63398,79.35,979,1.23,1.54,239,0.3,0.38,62180,77.82,98.08,389,8429,169,476,2880,603,12019,16897,18082,90,2146
7,Ardèche,1,1ère circonscription,77905,15080,19.36,62825,80.64,1238,1.59,1.97,513,0.66,0.82,61074,78.4,97.21,795,13663,405,1134,2876,705,12951,15434,9196,112,3803
7,Ardèche,2,2ème circonscription,93042,16516,17.75,76526,82.25,1520,1.63,1.99,639,0.69,0.84,74367,79.93,97.18,915,13646,521,1171,4575,680,17190,17029,14162,132,4346
7,Ardèche,3,3ème circonscription,78313,15023,19.18,63290,80.82,1143,1.46,1.81,515,0.66,0.81,61632,78.7,97.38,913,15571,391,1276,2543,600,12562,13125,10824,132,3695
8,Ardennes,1,1ère circonscription,73335,15563,21.22,57772,78.78,903,1.23,1.56,391,0.53,0.68,56478,77.01,97.76,606,9044,495,520,3235,447,10616,18228,10532,108,2647
8,Ardennes,2,2ème circonscription,63879,16049,25.12,47830,74.88,847,1.33,1.77,296,0.46,0.62,46687,73.09,97.61,565,9969,421,400,2191,344,8439,15078,6586,95,2599
8,Ardennes,3,3ème circonscription,57165,12464,21.8,44701,78.2,802,1.4,1.79,261,0.46,0.58,43638,76.34,97.62,522,7159,462,486,2384,289,7857,14272,8155,64,1988
9,Ariège,1,1ère circonscription,56738,10536,18.57,46202,81.43,807,1.42,1.75,435,0.77,0.94,44960,79.24,97.31,621,12576,278,1569,1517,380,9776,9129,5254,63,3797
9,Ariège,2,2ème circonscription,60671,10856,17.89,49815,82.11,921,1.52,1.85,466,0.77,0.94,48428,79.82,97.22,562,12424,279,1736,1854,419,9753,11135,6647,77,3542
10,Aube,1,1ère circonscription,64362,11685,18.16,52677,81.84,896,1.39,1.7,346,0.54,0.66,51435,79.92,97.64,470,6153,396,386,3569,399,8811,17094,12238,105,1814
10,Aube,2,2ème circonscription,73837,13864,18.78,59973,81.22,982,1.33,1.64,379,0.51,0.63,58612,79.38,97.73,475,7867,394,406,3687,436,11739,17321,13802,94,2391
10,Aube,3,3ème circonscription,65648,13402,20.41,52246,79.59,867,1.32,1.66,358,0.55,0.69,51021,77.72,97.66,442,8476,317,367,2979,482,10015,14431,11082,90,2340
11,Aude,1,1ère circonscription,95122,17690,18.6,77432,81.4,1365,1.43,1.76,677,0.71,0.87,75390,79.26,97.36,913,16170,441,1509,2851,516,15334,21872,10702,117,4965
11,Aude,2,2ème circonscription,88881,19251,21.66,69630,78.34,1177,1.32,1.69,586,0.66,0.84,67867,76.36,97.47,736,14396,370,1149,2617,590,13087,20242,10779,108,3793
11,Aude,3,3ème circonscription,88721,15627,17.61,73094,82.39,1306,1.47,1.79,692,0.78,0.95,71096,80.13,97.27,858,15557,384,1984,2797,677,14591,18470,10799,123,4856
12,Aveyron,1,1ère circonscription,76599,12265,16.01,64334,83.99,1183,1.54,1.84,578,0.75,0.9,62573,81.69,97.26,702,10735,344,2137,3182,432,16796,9304,15100,120,3721
12,Aveyron,2,2ème circonscription,69955,12339,17.64,57616,82.36,1160,1.66,2.01,657,0.94,1.14,55799,79.76,96.85,726,12306,381,1930,2574,464,14834,8827,10010,89,3658
12,Aveyron,3,3ème circonscription,71888,11940,16.61,59948,83.39,1202,1.67,2.01,656,0.91,1.09,58090,80.81,96.9,894,11648,381,2394,2798,408,13953,10457,11554,104,3499
13,Bouches-du-Rhône,1,1ère circonscription,78383,17473,22.29,60910,77.71,891,1.14,1.46,343,0.44,0.56,59676,76.13,97.97,390,11609,186,486,2344,516,11297,17682,12708,81,2377
13,Bouches-du-Rhône,2,2ème circonscription,78743,15686,19.92,63057,80.08,706,0.9,1.12,196,0.25,0.31,62155,78.93,98.57,337,9930,144,488,1860,499,14701,10973,20146,87,2990
13,Bouches-du-Rhône,3,3ème circonscription,73470,19484,26.52,53986,73.48,734,1,1.36,312,0.42,0.58,52940,72.06,98.06,341,12898,172,390,1725,607,9655,16415,8450,79,2208
13,Bouches-du-Rhône,4,4ème circonscription,59654,18050,30.26,41604,69.74,548,0.92,1.32,205,0.34,0.49,40851,68.48,98.19,410,15969,194,270,672,510,8908,5867,4428,79,3544
13,Bouches-du-Rhône,5,5ème circonscription,69043,15851,22.96,53192,77.04,684,0.99,1.29,282,0.41,0.53,52226,75.64,98.18,414,13093,195,455,1561,465,11530,10235,10556,85,3637
13,Bouches-du-Rhône,6,6ème circonscription,75634,17970,23.76,57664,76.24,790,1.04,1.37,291,0.38,0.5,56583,74.81,98.13,361,11256,190,415,2027,443,11664,14597,13027,78,2525
13,Bouches-du-Rhône,7,7ème circonscription,65369,22877,35,42492,65,604,0.92,1.42,236,0.36,0.56,41652,63.72,98.02,344,16092,248,230,837,539,7068,10864,3201,93,2136
13,Bouches-du-Rhône,8,8ème circonscription,99987,19859,19.86,80128,80.14,1349,1.35,1.68,511,0.51,0.64,78268,78.28,97.68,640,14574,340,868,3942,779,14961,23403,15434,139,3188
13,Bouches-du-Rhône,9,9ème circonscription,96939,19455,20.07,77484,79.93,1266,1.31,1.63,446,0.46,0.58,75772,78.16,97.79,568,15822,275,772,3136,662,13565,21236,16757,127,2852
13,Bouches-du-Rhône,10,10ème circonscription,106026,18750,17.68,87276,82.32,1432,1.35,1.64,466,0.44,0.53,85378,80.53,97.83,592,16397,304,876,3768,654,16373,26436,16495,134,3349
13,Bouches-du-Rhône,11,11ème circonscription,90215,18929,20.98,71286,79.02,1051,1.16,1.47,321,0.36,0.45,69914,77.5,98.08,467,13139,206,626,2718,546,15900,16081,17033,111,3087
13,Bouches-du-Rhône,12,12ème circonscription,92147,19386,21.04,72761,78.96,1403,1.52,1.93,307,0.33,0.42,71051,77.11,97.65,527,13587,280,682,3141,598,11439,26497,11787,109,2404
13,Bouches-du-Rhône,13,13ème circonscription,93715,19841,21.17,73874,78.83,1280,1.37,1.73,582,0.62,0.79,72012,76.84,97.48,699,21520,451,742,2873,712,10618,23130,8443,115,2709
13,Bouches-du-Rhône,14,14ème circonscription,97727,18958,19.4,78769,80.6,1166,1.19,1.48,411,0.42,0.52,77192,78.99,98,551,15129,227,698,2874,696,19111,14655,18920,137,4194
13,Bouches-du-Rhône,15,15ème circonscription,104767,18589,17.74,86178,82.26,1438,1.37,1.67,599,0.57,0.7,84141,80.31,97.64,681,14304,375,1136,4140,641,15092,25597,18810,160,3205
13,Bouches-du-Rhône,16,16ème circonscription,90577,18990,20.97,71587,79.03,1212,1.34,1.69,487,0.54,0.68,69888,77.16,97.63,684,15875,327,906,2829,551,11430,22729,11272,126,3159
14,Calvados,1,1ère circonscription,70096,12076,17.23,58020,82.77,840,1.2,1.45,311,0.44,0.54,56869,81.13,98.02,668,12282,346,317,2178,362,16648,7161,11483,82,5342
14,Calvados,2,2ème circonscription,67569,13218,19.56,54351,80.44,821,1.22,1.51,409,0.61,0.75,53121,78.62,97.74,758,13307,436,341,2138,373,14119,9189,7604,91,4765
14,Calvados,3,3ème circonscription,78941,15295,19.38,63646,80.62,1060,1.34,1.67,471,0.6,0.74,62115,78.69,97.59,897,11097,600,519,3494,479,12706,16535,12254,102,3432
14,Calvados,4,4ème circonscription,101077,18818,18.62,82259,81.38,1095,1.08,1.33,520,0.51,0.63,80644,79.78,98.04,925,13157,547,607,3897,573,18909,16753,20937,136,4203
14,Calvados,5,5ème circonscription,89928,15475,17.21,74453,82.79,1148,1.28,1.54,522,0.58,0.7,72783,80.93,97.76,848,12024,467,546,3840,464,18731,15021,16024,123,4695
14,Calvados,6,6ème circonscription,93542,15431,16.5,78111,83.5,1328,1.42,1.7,693,0.74,0.89,76090,81.34,97.41,1173,13753,703,581,4532,579,18607,17111,14038,157,4856
15,Cantal,1,1ère circonscription,63016,11814,18.75,51202,81.25,1152,1.83,2.25,586,0.93,1.14,49464,78.49,96.61,600,8301,350,1318,2131,311,14291,8532,10664,92,2874
15,Cantal,2,2ème circonscription,54409,10953,20.13,43456,79.87,961,1.77,2.21,393,0.72,0.9,42102,77.38,96.88,579,6265,342,1522,1916,216,10192,8103,10925,106,1936
16,Charente,1,1ère circonscription,84955,19885,23.41,65070,76.59,1077,1.27,1.66,568,0.67,0.87,63425,74.66,97.47,757,14148,425,828,2643,569,17427,11384,10215,131,4898
16,Charente,2,2ème circonscription,84019,17387,20.69,66632,79.31,1181,1.41,1.77,668,0.8,1,64783,77.11,97.23,858,11820,526,1029,3512,473,15514,14850,12442,156,3603
16,Charente,3,3ème circonscription,90980,17708,19.46,73272,80.54,1478,1.62,2.02,989,1.09,1.35,70805,77.82,96.63,1109,14787,700,1228,3853,498,16948,16364,11087,163,4068
17,Charente-Maritime,1,1ère circonscription,103263,22092,21.39,81171,78.61,1189,1.15,1.46,396,0.38,0.49,79586,77.07,98.05,788,16783,378,843,2947,624,23118,10383,17634,134,5954
17,Charente-Maritime,2,2ème circonscription,104381,20619,19.75,83762,80.25,1570,1.5,1.87,598,0.57,0.71,81594,78.17,97.41,1166,17226,561,1144,4435,617,20357,16379,14520,137,5052
17,Charente-Maritime,3,3ème circonscription,82251,17123,20.82,65128,79.18,1190,1.45,1.83,664,0.81,1.02,63274,76.93,97.15,883,12669,534,888,3589,541,14388,14216,11628,133,3805
17,Charente-Maritime,4,4ème circonscription,89934,17881,19.88,72053,80.12,1299,1.44,1.8,615,0.68,0.85,70139,77.99,97.34,964,11514,538,1189,4198,567,14995,18011,14787,133,3243
17,Charente-Maritime,5,5ème circonscription,111545,21639,19.4,89906,80.6,1588,1.42,1.77,643,0.58,0.72,87675,78.6,97.52,1077,14342,565,1218,5180,671,18534,21833,20120,156,3979
18,Cher,1,1ère circonscription,72597,16074,22.14,56523,77.86,1265,1.74,2.24,373,0.51,0.66,54885,75.6,97.1,676,9846,467,594,2934,475,12659,11979,12129,113,3013
18,Cher,2,2ème circonscription,70195,16539,23.56,53656,76.44,1204,1.72,2.24,419,0.6,0.78,52033,74.13,96.98,637,11765,540,510,2637,446,11445,12701,8570,87,2695
18,Cher,3,3ème circonscription,86222,18328,21.26,67894,78.74,1527,1.77,2.25,602,0.7,0.89,65765,76.27,96.86,793,12082,623,821,3983,558,13971,17073,12267,145,3449
19,Corrèze,1,1ère circonscription,92693,16268,17.55,76425,82.45,1792,1.93,2.34,1019,1.1,1.33,73614,79.42,96.32,1299,16492,553,2386,3532,520,19440,12448,11967,184,4793
19,Corrèze,2,2ème circonscription,92584,18031,19.48,74553,80.52,1635,1.77,2.19,918,0.99,1.23,72000,77.77,96.58,1020,13866,498,1867,3517,574,19778,12805,13460,145,4470
2A,Corse-du-Sud,1,1ère circonscription,50859,15715,30.9,35144,69.1,573,1.13,1.63,398,0.78,1.13,34173,67.19,97.24,309,4716,89,2006,998,226,6601,9724,8114,51,1339
2A,Corse-du-Sud,2,2ème circonscription,57922,18043,31.15,39879,68.85,635,1.1,1.59,550,0.95,1.38,38694,66.8,97.03,348,5369,129,1942,1220,259,6421,11133,10600,66,1207
2B,Haute-Corse,1,1ère circonscription,58794,18447,31.38,40347,68.62,634,1.08,1.57,498,0.85,1.23,39215,66.7,97.19,342,5626,132,1972,1083,237,7111,11172,9790,173,1577
2B,Haute-Corse,2,2ème circonscription,66068,22447,33.98,43621,66.02,872,1.32,2,456,0.69,1.05,42293,64.01,96.96,381,5495,145,2847,1161,245,8395,11011,10894,62,1657
21,Côte-d'Or,1,1ère circonscription,68424,12339,18.03,56085,81.97,813,1.19,1.45,235,0.34,0.42,55037,80.44,98.13,422,9992,258,403,2286,499,15517,7687,14018,84,3871
21,Côte-d'Or,2,2ème circonscription,68736,13362,19.44,55374,80.56,1004,1.46,1.81,312,0.45,0.56,54058,78.65,97.62,529,10165,297,440,2754,450,13249,11842,10810,94,3428
21,Côte-d'Or,3,3ème circonscription,70355,13961,19.84,56394,80.16,1028,1.46,1.82,341,0.48,0.6,55025,78.21,97.57,496,11346,329,413,2934,505,13312,12789,9149,102,3650
21,Côte-d'Or,4,4ème circonscription,68753,12893,18.75,55860,81.25,1057,1.54,1.89,399,0.58,0.71,54404,79.13,97.39,695,9278,481,654,3199,457,11012,14391,11400,106,2731
21,Côte-d'Or,5,5ème circonscription,84386,16119,19.1,68267,80.9,1232,1.46,1.8,434,0.51,0.64,66601,78.92,97.56,676,10078,430,725,3807,546,14346,17493,15247,123,3130
22,Côtes-d'Armor,1,1ère circonscription,89797,15385,17.13,74412,82.87,1233,1.37,1.66,534,0.59,0.72,72645,80.9,97.63,981,15489,499,536,2768,476,22472,10397,12132,124,6771
22,Côtes-d'Armor,2,2ème circonscription,96816,14074,14.54,82742,85.46,1361,1.41,1.64,612,0.63,0.74,80769,83.43,97.62,1028,14729,629,720,3603,551,21777,13994,17420,139,6179
22,Côtes-d'Armor,3,3ème circonscription,86758,12449,14.35,74309,85.65,1323,1.52,1.78,684,0.79,0.92,72302,83.34,97.3,1041,12844,621,656,3694,472,20080,13764,13897,120,5113
22,Côtes-d'Armor,4,4ème circonscription,78648,12525,15.93,66123,84.07,1142,1.45,1.73,599,0.76,0.91,64382,81.86,97.37,1270,15373,677,764,2633,400,16855,11226,9113,114,5957
22,Côtes-d'Armor,5,5ème circonscription,103941,17187,16.54,86754,83.46,1303,1.25,1.5,580,0.56,0.67,84871,81.65,97.83,1148,17578,602,878,3260,580,23785,12322,16354,124,8240
23,Creuse,1,1ère circonscription,93113,19917,21.39,73196,78.61,1950,2.09,2.66,995,1.07,1.36,70251,75.45,95.98,1209,14827,684,1352,3521,580,15807,13966,12637,174,5494
24,Dordogne,1,1ère circonscription,76207,14972,19.65,61235,80.35,1156,1.52,1.89,628,0.82,1.03,59451,78.01,97.09,830,14868,364,1204,2593,503,13597,11980,9410,105,3997
24,Dordogne,2,2ème circonscription,82465,16159,19.59,66306,80.41,1128,1.37,1.7,625,0.76,0.94,64553,78.28,97.36,880,13364,385,1730,3003,547,14184,15374,11345,131,3610
24,Dordogne,3,3ème circonscription,67497,11357,16.83,56140,83.17,1334,1.98,2.38,716,1.06,1.28,54090,80.14,96.35,847,12127,430,1315,2623,401,11625,11660,9653,116,3293
24,Dordogne,4,4ème circonscription,87851,15032,17.11,72819,82.89,1429,1.63,1.96,774,0.88,1.06,70616,80.38,96.97,1021,16773,447,1801,3205,677,16539,13030,12102,138,4883
25,Doubs,1,1ère circonscription,75233,15946,21.2,59287,78.8,1046,1.39,1.76,374,0.5,0.63,57867,76.92,97.6,629,12293,370,427,2618,560,14415,11514,10767,92,4182
25,Doubs,2,2ème circonscription,78335,15331,19.57,63004,80.43,1180,1.51,1.87,387,0.49,0.61,61437,78.43,97.51,696,12551,379,503,2679,592,15473,11213,12953,143,4255
25,Doubs,3,3ème circonscription,65897,14282,21.67,51615,78.33,1186,1.8,2.3,424,0.64,0.82,50005,75.88,96.88,684,8123,413,467,2665,561,10096,14136,10344,77,2439
25,Doubs,4,4ème circonscription,66908,15691,23.45,51217,76.55,1045,1.56,2.04,461,0.69,0.9,49711,74.3,97.06,624,8881,508,429,2557,650,9669,15651,7912,85,2745
25,Doubs,5,5ème circonscription,82028,14949,18.22,67079,81.78,1350,1.65,2.01,570,0.69,0.85,65159,79.44,97.14,932,8955,381,706,4214,766,14301,14121,17953,133,2697
26,Drôme,1,1ère circonscription,75247,16465,21.88,58782,78.12,1033,1.37,1.76,465,0.62,0.79,57284,76.13,97.45,605,11716,331,553,2692,635,13978,11222,11526,84,3942
26,Drôme,2,2ème circonscription,93273,19861,21.29,73412,78.71,1365,1.46,1.86,546,0.59,0.74,71501,76.66,97.4,724,13238,416,915,3912,729,14825,20262,12826,132,3522
26,Drôme,3,3ème circonscription,106778,18606,17.42,88172,82.58,1627,1.52,1.85,561,0.53,0.64,85984,80.53,97.52,1104,19543,541,1520,4171,871,18613,18229,15557,164,5671
26,Drôme,4,4ème circonscription,94191,18281,19.41,75910,80.59,1442,1.53,1.9,497,0.53,0.65,73971,78.53,97.45,741,13489,908,880,4222,753,15798,19283,13494,153,4250
27,Eure,1,1ère circonscription,86358,17487,20.25,68871,79.75,1137,1.32,1.65,508,0.59,0.74,67226,77.85,97.61,707,11098,536,536,3882,605,13361,19642,13514,113,3232
27,Eure,2,2ème circonscription,78432,14203,18.11,64229,81.89,1154,1.47,1.8,464,0.59,0.72,62611,79.83,97.48,758,10721,524,454,3442,481,12856,18044,12004,125,3202
27,Eure,3,3ème circonscription,84440,15101,17.88,69339,82.12,1202,1.42,1.73,538,0.64,0.78,67599,80.06,97.49,823,11165,550,553,4039,520,12812,20409,13552,120,3056
27,Eure,4,4ème circonscription,89885,18013,20.04,71872,79.96,1325,1.47,1.84,518,0.58,0.72,70029,77.91,97.44,872,13989,498,488,4054,648,14352,19771,11315,111,3931
27,Eure,5,5ème circonscription,88418,17414,19.7,71004,80.3,1188,1.34,1.67,506,0.57,0.71,69310,78.39,97.61,773,11871,525,571,3679,673,13605,20851,13051,133,3578
28,Eure-et-Loir,1,1ère circonscription,89168,16917,18.97,72251,81.03,1343,1.51,1.86,416,0.47,0.58,70492,79.06,97.57,695,11776,442,587,4112,750,17714,14190,15916,126,4184
28,Eure-et-Loir,2,2ème circonscription,74281,17170,23.11,57111,76.89,1027,1.38,1.8,404,0.54,0.71,55680,74.96,97.49,565,10457,400,408,3098,633,11048,14728,11122,107,3114
28,Eure-et-Loir,3,3ème circonscription,70797,14275,20.16,56522,79.84,1085,1.53,1.92,413,0.58,0.73,55024,77.72,97.35,651,8486,465,465,3391,437,11946,14345,11909,112,2817
28,Eure-et-Loir,4,4ème circonscription,67220,12112,18.02,55108,81.98,1078,1.6,1.96,447,0.66,0.81,53583,79.71,97.23,748,7316,510,482,3502,433,10330,15623,12328,109,2202
29,Finistère,1,1ère circonscription,88758,14257,16.06,74501,83.94,1072,1.21,1.44,497,0.56,0.67,72932,82.17,97.89,1026,13285,437,681,2917,493,23862,8759,13519,103,7850
29,Finistère,2,2ème circonscription,78509,17472,22.25,61037,77.75,1251,1.59,2.05,37,0.05,0.06,59749,76.1,97.89,681,13015,279,408,2058,424,17565,7504,9703,85,8027
29,Finistère,3,3ème circonscription,89479,15053,16.82,74426,83.18,1398,1.56,1.88,286,0.32,0.38,72742,81.3,97.74,901,13609,459,750,3373,529,21014,10549,13184,99,8275
29,Finistère,4,4ème circonscription,82219,13752,16.73,68467,83.27,1056,1.28,1.54,417,0.51,0.61,66994,81.48,97.85,970,13985,463,749,2449,382,19452,8422,12675,127,7320
29,Finistère,5,5ème circonscription,94400,14619,15.49,79781,84.51,1238,1.31,1.55,467,0.49,0.59,78076,82.71,97.86,991,13909,463,771,3491,408,23568,10734,15141,123,8477
29,Finistère,6,6ème circonscription,89304,15180,17,74124,83,1127,1.26,1.52,499,0.56,0.67,72498,81.18,97.81,1365,14586,533,1039,3094,509,20195,10802,12645,108,7622
29,Finistère,7,7ème circonscription,80529,14211,17.65,66318,82.35,1088,1.35,1.64,514,0.64,0.78,64716,80.36,97.58,1022,13167,486,878,2600,404,19237,8979,11489,101,6353
29,Finistère,8,8ème circonscription,87372,16092,18.42,71280,81.58,1222,1.4,1.71,581,0.66,0.82,69477,79.52,97.47,1294,14051,518,916,2755,548,19201,11617,11609,111,6857
30,Gard,1,1ère circonscription,86922,20234,23.28,66688,76.72,1085,1.25,1.63,429,0.49,0.64,65174,74.98,97.73,535,14155,288,696,2569,725,12432,18755,11849,96,3074
30,Gard,2,2ème circonscription,89059,16075,18.05,72984,81.95,1186,1.33,1.63,535,0.6,0.73,71263,80.02,97.64,582,13425,293,918,3243,614,12445,23899,12836,110,2898
30,Gard,3,3ème circonscription,93671,17339,18.51,76332,81.49,1233,1.32,1.62,485,0.52,0.64,74614,79.66,97.75,688,13836,387,1070,3528,782,14669,21892,14034,126,3602
30,Gard,4,4ème circonscription,91115,17437,19.14,73678,80.86,1232,1.35,1.67,552,0.61,0.75,71894,78.9,97.58,744,16404,410,1146,3110,672,12969,22123,10895,116,3305
30,Gard,5,5ème circonscription,95968,18460,19.24,77508,80.76,1329,1.38,1.71,557,0.58,0.72,75622,78.8,97.57,947,20072,443,1363,2815,726,14041,20056,10887,122,4150
30,Gard,6,6ème circonscription,81204,17732,21.84,63472,78.16,967,1.19,1.52,390,0.48,0.61,62115,76.49,97.86,548,13013,271,753,2543,577,12450,16548,11865,103,3444
31,Haute-Garonne,1,1ère circonscription,83659,18868,22.55,64791,77.45,827,0.99,1.28,397,0.47,0.61,63567,75.98,98.11,628,17061,234,963,1944,564,18400,7106,10411,108,6148
31,Haute-Garonne,2,2ème circonscription,101370,21253,20.97,80117,79.03,1095,1.08,1.37,519,0.51,0.65,78503,77.44,97.99,727,19536,328,1220,2932,685,21641,11095,13530,128,6681
31,Haute-Garonne,3,3ème circonscription,79396,15010,18.91,64386,81.09,876,1.1,1.36,248,0.31,0.39,63262,79.68,98.25,471,13189,207,861,1913,471,18467,6377,15871,102,5333
31,Haute-Garonne,4,4ème circonscription,71190,19016,26.71,52174,73.29,699,0.98,1.34,244,0.34,0.47,51231,71.96,98.19,514,15570,187,597,1224,474,13685,4689,8590,90,5611
31,Haute-Garonne,5,5ème circonscription,98451,15381,15.62,83070,84.38,1509,1.53,1.82,623,0.63,0.75,80938,82.21,97.43,846,17652,407,1600,4115,686,19367,18274,12536,156,5299
31,Haute-Garonne,6,6ème circonscription,111612,17829,15.97,93783,84.03,1384,1.24,1.48,747,0.67,0.8,91652,82.12,97.73,842,20529,411,1562,3932,754,26580,15952,13630,162,7298
31,Haute-Garonne,7,7ème circonscription,99799,16975,17.01,82824,82.99,1480,1.48,1.79,640,0.64,0.77,80704,80.87,97.44,850,18256,441,1738,3627,626,18566,18857,11505,149,6089
31,Haute-Garonne,8,8ème circonscription,85552,16875,19.72,68677,80.28,1244,1.45,1.81,726,0.85,1.06,66707,77.97,97.13,793,14319,371,3184,2706,526,14213,15719,9726,125,5025
31,Haute-Garonne,9,9ème circonscription,80368,18044,22.45,62324,77.55,925,1.15,1.48,408,0.51,0.65,60991,75.89,97.86,674,16819,281,984,2036,563,15729,9246,8618,123,5918
31,Haute-Garonne,10,10ème circonscription,95256,12044,12.64,83212,87.36,1350,1.42,1.62,546,0.57,0.66,81316,85.37,97.72,760,17346,300,1729,3376,609,23373,12790,14139,146,6748
32,Gers,1,1ère circonscription,73499,11651,15.85,61848,84.15,1125,1.53,1.82,546,0.74,0.88,60177,81.87,97.3,639,12388,344,2631,2606,537,14525,11204,10108,92,5103
32,Gers,2,2ème circonscription,71460,11376,15.92,60084,84.08,1041,1.46,1.73,537,0.75,0.89,58506,81.87,97.37,615,10701,333,2428,2772,500,13250,12183,11204,96,4424
33,Gironde,1,1ère circonscription,95058,20152,21.2,74906,78.8,970,1.02,1.29,343,0.36,0.46,73593,77.42,98.25,886,14176,233,985,2115,666,23142,7117,18270,115,5888
33,Gironde,2,2ème circonscription,65979,14591,22.11,51388,77.89,606,0.92,1.18,213,0.32,0.41,50569,76.64,98.41,610,12344,116,564,1030,404,16118,3035,10619,65,5664
33,Gironde,3,3ème circonscription,80997,18590,22.95,62407,77.05,922,1.14,1.48,347,0.43,0.56,61138,75.48,97.97,958,18090,244,1025,1922,598,17346,6935,7349,122,6549
33,Gironde,4,4ème circonscription,93636,22485,24.01,71151,75.99,1148,1.23,1.61,479,0.51,0.67,69524,74.25,97.71,1252,17714,395,1172,2958,720,17129,13794,8480,136,5774
33,Gironde,5,5ème circonscription,110593,20966,18.96,89627,81.04,1483,1.34,1.65,649,0.59,0.72,87495,79.11,97.62,1799,18330,467,1761,4239,642,20493,21123,13132,126,5383
33,Gironde,6,6ème circonscription,103656,19376,18.69,84280,81.31,1267,1.22,1.5,502,0.48,0.6,82511,79.6,97.9,1188,17740,324,1266,3591,686,25626,11566,13455,139,6930
33,Gironde,7,7ème circonscription,77005,14797,19.22,62208,80.78,1023,1.33,1.64,365,0.47,0.59,60820,78.98,97.77,835,14216,227,1044,2436,489,19183,7160,9460,106,5664
33,Gironde,8,8ème circonscription,109207,21002,19.23,88205,80.77,1394,1.28,1.58,537,0.49,0.61,86274,79,97.81,1127,14730,351,1887,4103,673,21292,16288,21225,174,4424
33,Gironde,9,9ème circonscription,93615,15841,16.92,77774,83.08,1446,1.54,1.86,600,0.64,0.77,75728,80.89,97.37,1193,17212,468,2018,3498,631,18117,15675,11300,155,5461
33,Gironde,10,10ème circonscription,80818,15737,19.47,65081,80.53,1089,1.35,1.67,480,0.59,0.74,63512,78.59,97.59,985,12023,294,1423,2858,460,14164,16011,11309,127,3858
33,Gironde,11,11ème circonscription,92975,18817,20.24,74158,79.76,1356,1.46,1.83,620,0.67,0.84,72182,77.64,97.34,1331,14479,502,1497,3806,555,14009,22219,9570,140,4074
33,Gironde,12,12ème circonscription,83429,14234,17.06,69195,82.94,1200,1.44,1.73,526,0.63,0.76,67469,80.87,97.51,1069,14803,359,1817,2974,521,15663,14396,11114,122,4631
34,Hérault,1,1ère circonscription,84607,17685,20.9,66922,79.1,1067,1.26,1.59,360,0.43,0.54,65495,77.41,97.87,496,15177,215,726,2316,727,14964,14499,12502,94,3779
34,Hérault,2,2ème circonscription,60414,16152,26.74,44262,73.26,626,1.04,1.41,224,0.37,0.51,43412,71.86,98.08,420,14634,152,297,885,502,10671,4766,6899,64,4122
34,Hérault,3,3ème circonscription,85109,14325,16.83,70784,83.17,1108,1.3,1.57,408,0.48,0.58,69268,81.39,97.86,544,14758,202,763,2655,692,17397,13168,14410,94,4585
34,Hérault,4,4ème circonscription,111930,18931,16.91,92999,83.09,1508,1.35,1.62,586,0.52,0.63,90905,81.22,97.75,883,21625,402,1429,3718,913,18812,22871,14931,113,5208
34,Hérault,5,5ème circonscription,94275,17404,18.46,76871,81.54,1295,1.37,1.68,601,0.64,0.78,74975,79.53,97.53,915,17772,411,1588,2977,651,13126,22279,10940,124,4192
34,Hérault,6,6ème circonscription,91224,19995,21.92,71229,78.08,1093,1.2,1.53,442,0.48,0.62,69694,76.4,97.84,533,13329,285,1052,2592,504,11855,23726,12705,97,3016
34,Hérault,7,7ème circonscription,102086,20517,20.1,81569,79.9,1286,1.26,1.58,585,0.57,0.72,79698,78.07,97.71,717,16225,362,1004,3092,589,13548,25587,14921,111,3542
34,Hérault,8,8ème circonscription,88586,17842,20.14,70744,79.86,1080,1.22,1.53,484,0.55,0.68,69180,78.09,97.79,614,16527,261,841,2651,686,14417,17996,10960,110,4117
34,Hérault,9,9ème circonscription,82111,16467,20.05,65644,79.95,986,1.2,1.5,441,0.54,0.67,64217,78.21,97.83,538,13949,206,761,2273,655,13831,16227,12071,87,3619
35,Ille-et-Vilaine,1,1ère circonscription,89581,16319,18.22,73262,81.78,1046,1.17,1.43,384,0.43,0.52,71832,80.19,98.05,735,16437,443,416,2637,505,24084,7177,10924,130,8344
35,Ille-et-Vilaine,2,2ème circonscription,92235,13241,14.36,78994,85.64,1110,1.2,1.41,376,0.41,0.48,77508,84.03,98.12,741,15418,417,497,2592,460,27141,7035,14902,134,8171
35,Ille-et-Vilaine,3,3ème circonscription,86076,13021,15.13,73055,84.87,1318,1.53,1.8,543,0.63,0.74,71194,82.71,97.45,884,14322,559,584,3356,465,21186,11419,12119,123,6177
35,Ille-et-Vilaine,4,4ème circonscription,90205,13747,15.24,76458,84.76,1369,1.52,1.79,518,0.57,0.68,74571,82.67,97.53,1104,15081,621,637,4099,526,20115,14125,12147,147,5969
35,Ille-et-Vilaine,5,5ème circonscription,103147,14658,14.21,88489,85.79,1641,1.59,1.85,745,0.72,0.84,86103,83.48,97.3,1085,14932,779,671,4969,568,25376,13241,18529,143,5810
35,Ille-et-Vilaine,6,6ème circonscription,86855,13189,15.19,73666,84.81,1421,1.64,1.93,686,0.79,0.93,71559,82.39,97.14,989,12272,677,680,3986,487,19182,13670,14412,137,5067
35,Ille-et-Vilaine,7,7ème circonscription,98661,18037,18.28,80624,81.72,1196,1.21,1.48,552,0.56,0.68,78876,79.95,97.83,861,13389,537,657,3276,547,21956,12755,19373,106,5419
35,Ille-et-Vilaine,8,8ème circonscription,83382,14508,17.4,68874,82.6,877,1.05,1.27,305,0.37,0.44,67692,81.18,98.28,666,16243,305,389,1907,435,22333,5224,11628,101,8461
36,Indre,1,1ère circonscription,80311,17991,22.4,62320,77.6,1324,1.65,2.12,605,0.75,0.97,60391,75.2,96.9,771,11821,586,751,3148,512,13064,14195,11906,132,3505
36,Indre,2,2ème circonscription,90098,16920,18.78,73178,81.22,1757,1.95,2.4,878,0.97,1.2,70543,78.3,96.4,986,13117,804,977,4029,586,14237,17790,13570,166,4281
37,Indre-et-Loire,1,1ère circonscription,68655,16813,24.49,51842,75.51,707,1.03,1.36,292,0.43,0.56,50843,74.06,98.07,501,12101,286,350,1761,409,13829,5627,11206,92,4681
37,Indre-et-Loire,2,2ème circonscription,88635,14689,16.57,73946,83.43,1337,1.51,1.81,599,0.68,0.81,72010,81.24,97.38,899,13385,526,606,4392,607,17026,15414,14549,151,4455
37,Indre-et-Loire,3,3ème circonscription,97490,17190,17.63,80300,82.37,1541,1.58,1.92,655,0.67,0.82,78104,80.11,97.27,924,14809,659,712,4558,596,19218,15345,16166,167,4950
37,Indre-et-Loire,4,4ème circonscription,90174,16702,18.52,73472,81.48,1432,1.59,1.95,579,0.64,0.79,71461,79.25,97.26,891,14051,665,690,3850,489,16953,14388,14491,123,4870
37,Indre-et-Loire,5,5ème circonscription,83917,14777,17.61,69140,82.39,1193,1.42,1.73,460,0.55,0.67,67487,80.42,97.61,692,11585,470,571,3891,519,16139,13748,15784,146,3942
38,Isère,1,1ère circonscription,83137,16485,19.83,66652,80.17,875,1.05,1.31,373,0.45,0.56,65404,78.67,98.13,419,13382,214,400,1786,487,21303,5838,15716,91,5768
38,Isère,2,2ème circonscription,77384,17795,23,59589,77,977,1.26,1.64,296,0.38,0.5,58316,75.36,97.86,614,15055,329,526,2354,609,15053,11443,8003,97,4233
38,Isère,3,3ème circonscription,59637,14752,24.74,44885,75.26,656,1.1,1.46,236,0.4,0.53,43993,73.77,98.01,477,12529,238,280,1618,448,11727,6892,5620,68,4096
38,Isère,4,4ème circonscription,89807,17836,19.86,71971,80.14,1233,1.37,1.71,380,0.42,0.53,70358,78.34,97.76,738,14974,394,780,3461,664,17762,14294,12324,127,4840
38,Isère,5,5ème circonscription,102312,19733,19.29,82579,80.71,1385,1.35,1.68,450,0.44,0.54,80744,78.92,97.78,850,17403,413,809,4029,812,21522,15746,13002,136,6022
38,Isère,6,6ème circonscription,83238,17446,20.96,65792,79.04,1235,1.48,1.88,519,0.62,0.79,64038,76.93,97.33,571,10333,351,602,4037,711,13358,19982,11094,111,2888
38,Isère,7,7ème circonscription,91433,17576,19.22,73857,80.78,1567,1.71,2.12,611,0.67,0.83,71679,78.4,97.05,778,12570,455,950,4553,683,14929,21150,12004,136,3471
38,Isère,8,8ème circonscription,78602,16021,20.38,62581,79.62,1148,1.46,1.83,425,0.54,0.68,61008,77.62,97.49,565,10749,320,618,3589,610,14063,16113,10961,95,3325
38,Isère,9,9ème circonscription,97318,19621,20.16,77697,79.84,1598,1.64,2.06,520,0.53,0.67,75579,77.66,97.27,746,15143,453,877,4135,699,18883,16265,13106,152,5120
38,Isère,10,10ème circonscription,93640,20409,21.8,73231,78.2,1356,1.45,1.85,487,0.52,0.67,71388,76.24,97.48,625,13809,428,695,4211,835,15489,20185,11095,127,3889
39,Jura,1,1ère circonscription,65565,12542,19.13,53023,80.87,1194,1.82,2.25,360,0.55,0.68,51469,78.5,97.07,619,10765,388,665,2875,436,11509,11901,9505,97,2709
39,Jura,2,2ème circonscription,55264,10739,19.43,44525,80.57,923,1.67,2.07,312,0.56,0.7,43290,78.33,97.23,674,8315,333,675,2750,458,9042,9872,8951,100,2120
39,Jura,3,3ème circonscription,69503,13243,19.05,56260,80.95,1051,1.51,1.87,399,0.57,0.71,54810,78.86,97.42,687,11251,427,654,2908,436,11345,14337,9917,88,2760
40,Landes,1,1ère circonscription,101405,19018,18.75,82387,81.25,1602,1.58,1.94,642,0.63,0.78,80143,79.03,97.28,950,15591,448,2831,3981,643,19390,15757,13487,138,6927
40,Landes,2,2ème circonscription,112245,20674,18.42,91571,81.58,1694,1.51,1.85,529,0.47,0.58,89348,79.6,97.57,976,18739,400,3714,3676,710,22934,14521,16712,123,6843
40,Landes,3,3ème circonscription,96547,15719,16.28,80828,83.72,1551,1.61,1.92,777,0.8,0.96,78500,81.31,97.12,950,15646,390,3945,3367,566,18749,14699,12288,112,7788
41,Loir-et-Cher,1,1ère circonscription,82778,17229,20.81,65549,79.19,1151,1.39,1.76,454,0.55,0.69,63944,77.25,97.55,708,11326,457,529,3714,526,14998,13867,13124,111,4584
41,Loir-et-Cher,2,2ème circonscription,80317,15028,18.71,65289,81.29,1284,1.6,1.97,511,0.64,0.78,63494,79.05,97.25,718,9776,502,650,3930,456,12471,17968,13957,154,2912
41,Loir-et-Cher,3,3ème circonscription,82226,14068,17.11,68158,82.89,1257,1.53,1.84,601,0.73,0.88,66300,80.63,97.27,772,10474,583,664,4002,534,13170,16827,15675,139,3460
42,Loire,1,1ère circonscription,65602,16049,24.46,49553,75.54,867,1.32,1.75,294,0.45,0.59,48392,73.77,97.66,507,10974,266,466,2141,471,11854,9713,8286,76,3638
42,Loire,2,2ème circonscription,53156,14009,26.35,39147,73.65,570,1.07,1.46,217,0.41,0.55,38360,72.16,97.99,400,9265,231,298,1469,422,9637,6468,6963,66,3141
42,Loire,3,3ème circonscription,82438,18576,22.53,63862,77.47,1331,1.61,2.08,310,0.38,0.49,62221,75.48,97.43,613,11572,345,693,3859,609,14499,15352,11030,97,3552
42,Loire,4,4ème circonscription,100992,20500,20.3,80492,79.7,1587,1.57,1.97,554,0.55,0.69,78351,77.58,97.34,867,15329,521,999,4586,664,17033,21153,12866,138,4195
42,Loire,5,5ème circonscription,101076,19248,19.04,81828,80.96,1750,1.73,2.14,671,0.66,0.82,79407,78.56,97.04,854,13394,579,1177,4824,622,18247,20020,15471,136,4083
42,Loire,6,6ème circonscription,107542,20453,19.02,87089,80.98,1736,1.61,1.99,717,0.67,0.82,84636,78.7,97.18,866,12854,605,1408,5810,695,19407,21516,17232,154,4089
43,Haute-Loire,1,1ère circonscription,97723,17717,18.13,80006,81.87,1839,1.88,2.3,715,0.73,0.89,77452,79.26,96.81,1057,13591,589,1480,4891,586,17985,19319,13773,160,4021
43,Haute-Loire,2,2ème circonscription,79435,15158,19.08,64277,80.92,1485,1.87,2.31,670,0.84,1.04,62122,78.2,96.65,871,11827,454,1632,3455,464,14834,12866,12183,122,3414
44,Loire-Atlantique,1,1ère circonscription,74879,13443,17.95,61436,82.05,898,1.2,1.46,132,0.18,0.21,60406,80.67,98.32,536,12527,190,337,1820,402,19814,4523,14432,96,5729
44,Loire-Atlantique,2,2ème circonscription,85800,15226,17.75,70574,82.25,858,1,1.22,292,0.34,0.41,69424,80.91,98.37,603,17650,236,353,1610,575,21370,4375,14843,82,7727
44,Loire-Atlantique,3,3ème circonscription,92183,17577,19.07,74606,80.93,1434,1.56,1.92,305,0.33,0.41,72867,79.05,97.67,832,19322,372,422,2683,610,21577,8566,10837,114,7532
44,Loire-Atlantique,4,4ème circonscription,88921,15269,17.17,73652,82.83,1250,1.41,1.7,420,0.47,0.57,71982,80.95,97.73,872,18873,424,441,2818,549,22057,8107,10504,114,7223
44,Loire-Atlantique,5,5ème circonscription,116188,16606,14.29,99582,85.71,1816,1.56,1.82,538,0.46,0.54,97228,83.68,97.64,1076,20124,485,709,4577,735,31292,11641,18647,170,7772
44,Loire-Atlantique,6,6ème circonscription,109489,17285,15.79,92204,84.21,1980,1.81,2.15,804,0.73,0.87,89420,81.67,96.98,1405,17692,740,830,4956,681,21880,17491,17759,174,5812
44,Loire-Atlantique,7,7ème circonscription,108216,17052,15.76,91164,84.24,1557,1.44,1.71,503,0.46,0.55,89104,82.34,97.74,1143,15952,512,723,4174,723,23445,14268,23130,154,4880
44,Loire-Atlantique,8,8ème circonscription,85491,16890,19.76,68601,80.24,1112,1.3,1.62,416,0.49,0.61,67073,78.46,97.77,876,17777,578,526,2872,500,18364,10998,8775,104,5703
44,Loire-Atlantique,9,9ème circonscription,117855,18168,15.42,99687,84.58,1849,1.57,1.85,731,0.62,0.73,97107,82.4,97.41,1214,19550,687,927,5665,681,23907,17873,20437,178,5988
44,Loire-Atlantique,10,10ème circonscription,114516,15085,13.17,99431,86.83,1878,1.64,1.89,707,0.62,0.71,96846,84.57,97.4,1061,18890,561,761,5371,673,28896,13352,20339,168,6774
45,Loiret,1,1ère circonscription,75641,14196,18.77,61445,81.23,988,1.31,1.61,367,0.49,0.6,60090,79.44,97.79,516,9972,331,461,3127,489,17390,9476,14099,109,4120
45,Loiret,2,2ème circonscription,85239,17383,20.39,67856,79.61,1195,1.4,1.76,486,0.57,0.72,66175,77.63,97.52,722,11473,441,571,3685,567,16504,13807,13947,127,4331
45,Loiret,3,3ème circonscription,70843,12796,18.06,58047,81.94,1132,1.6,1.95,443,0.63,0.76,56472,79.71,97.29,623,8316,397,618,3894,544,11917,15189,12062,116,2796
45,Loiret,4,4ème circonscription,74602,15725,21.08,58877,78.92,1056,1.42,1.79,510,0.68,0.87,57311,76.82,97.34,569,8992,418,560,3614,537,10864,17171,11986,123,2477
45,Loiret,5,5ème circonscription,74498,14764,19.82,59734,80.18,1081,1.45,1.81,461,0.62,0.77,58192,78.11,97.42,701,9484,460,553,3761,513,11864,16442,11424,127,2863
45,Loiret,6,6ème circonscription,71784,13110,18.26,58674,81.74,945,1.32,1.61,397,0.55,0.68,57332,79.87,97.71,524,9897,333,440,3047,459,14967,11577,12137,100,3851
46,Lot,1,1ère circonscription,70862,11953,16.87,58909,83.13,931,1.31,1.58,620,0.87,1.05,57358,80.94,97.37,777,13519,329,1446,2410,446,14751,9871,9515,129,4165
46,Lot,2,2ème circonscription,65443,10352,15.82,55091,84.18,983,1.5,1.78,681,1.04,1.24,53427,81.64,96.98,751,12495,394,1627,2140,425,14776,7993,8944,97,3785
47,Lot-et-Garonne,1,1ère circonscription,88218,17036,19.31,71182,80.69,1310,1.48,1.84,550,0.62,0.77,69322,78.58,97.39,755,13192,346,2255,3239,608,15239,16677,12860,102,4049
47,Lot-et-Garonne,2,2ème circonscription,77018,14874,19.31,62144,80.69,1185,1.54,1.91,583,0.76,0.94,60376,78.39,97.15,747,11330,357,2037,3058,495,11934,16017,10969,118,3314
47,Lot-et-Garonne,3,3ème circonscription,75695,14895,19.68,60800,80.32,1165,1.54,1.92,511,0.68,0.84,59124,78.11,97.24,790,11496,341,1791,3110,557,12080,14577,10999,107,3276
48,Lozère,1,1ère circonscription,59508,9949,16.72,49559,83.28,854,1.44,1.72,558,0.94,1.13,48147,80.91,97.15,683,9483,294,1764,2197,354,10463,9097,10986,93,2733
49,Maine-et-Loire,1,1ère circonscription,83953,15457,18.41,68496,81.59,1209,1.44,1.77,464,0.55,0.68,66823,79.6,97.56,707,12372,437,445,2987,519,18757,8798,16527,98,5176
49,Maine-et-Loire,2,2ème circonscription,90343,15984,17.69,74359,82.31,1579,1.75,2.12,481,0.53,0.65,72299,80.03,97.23,864,14139,599,537,3484,533,20630,10020,15832,124,5537
49,Maine-et-Loire,3,3ème circonscription,70395,12251,17.4,58144,82.6,1228,1.74,2.11,497,0.71,0.85,56419,80.15,97.03,767,9172,551,460,3380,352,11447,13908,13322,113,2947
49,Maine-et-Loire,4,4ème circonscription,74248,12458,16.78,61790,83.22,1269,1.71,2.05,517,0.7,0.84,60004,80.82,97.11,799,8913,497,503,3601,408,13776,13192,14931,114,3270
49,Maine-et-Loire,5,5ème circonscription,77305,13496,17.46,63809,82.54,1249,1.62,1.96,472,0.61,0.74,62088,80.32,97.3,778,9687,538,448,3638,525,18788,8973,15110,97,3506
49,Maine-et-Loire,6,6ème circonscription,95358,14889,15.61,80469,84.39,1946,2.04,2.42,702,0.74,0.87,77821,81.61,96.71,1020,12857,745,656,4862,611,20990,12805,18260,142,4873
49,Maine-et-Loire,7,7ème circonscription,77823,12503,16.07,65320,83.93,1289,1.66,1.97,529,0.68,0.81,63502,81.6,97.22,761,11153,493,434,3369,491,17297,10239,14906,115,4244
50,Manche,1,1ère circonscription,87002,15741,18.09,71261,81.91,1345,1.55,1.89,542,0.62,0.76,69374,79.74,97.35,926,10952,617,497,3991,431,17368,15127,15182,125,4158
50,Manche,2,2ème circonscription,95573,17136,17.93,78437,82.07,1428,1.49,1.82,699,0.73,0.89,76310,79.84,97.29,1073,11428,737,699,4934,544,18477,14456,19636,146,4180
50,Manche,3,3ème circonscription,107881,19126,17.73,88755,82.27,1675,1.55,1.89,621,0.58,0.7,86459,80.14,97.41,1195,14305,722,767,4870,593,20819,18947,18966,198,5077
50,Manche,4,4ème circonscription,88648,18199,20.53,70449,79.47,1191,1.34,1.69,423,0.48,0.6,68835,77.65,97.71,952,14450,519,561,3307,482,18134,13206,11208,154,5862
51,Marne,1,1ère circonscription,72050,16224,22.52,55826,77.48,799,1.11,1.43,297,0.41,0.53,54730,75.96,98.04,498,9523,408,348,2811,480,12971,13040,11409,102,3140
51,Marne,2,2ème circonscription,73074,16094,22.02,56980,77.98,816,1.12,1.43,356,0.49,0.62,55808,76.37,97.94,495,8938,375,423,2840,475,13337,12664,13114,88,3059
51,Marne,3,3ème circonscription,80714,17677,21.9,63037,78.1,1068,1.32,1.69,326,0.4,0.52,61643,76.37,97.79,626,9085,462,536,3712,564,11887,18081,13922,116,2652
51,Marne,4,4ème circonscription,78830,17128,21.73,61702,78.27,1044,1.32,1.69,419,0.53,0.68,60239,76.42,97.63,576,9621,462,516,3555,493,12319,17091,12579,109,2918
51,Marne,5,5ème circonscription,77025,14138,18.36,62887,81.64,1040,1.35,1.65,498,0.65,0.79,61349,79.65,97.55,567,7257,469,528,3978,429,10444,21597,14056,110,1914
52,Haute-Marne,1,1ère circonscription,72475,15001,20.7,57474,79.3,1155,1.59,2.01,471,0.65,0.82,55848,77.06,97.17,723,8958,498,682,3477,420,11274,15739,11362,117,2598
52,Haute-Marne,2,2ème circonscription,61673,13768,22.32,47905,77.68,965,1.56,2.01,348,0.56,0.73,46592,75.55,97.26,510,6422,428,444,2940,393,7164,18288,8228,81,1694
53,Mayenne,1,1ère circonscription,72670,12302,16.93,60368,83.07,1203,1.66,1.99,465,0.64,0.77,58700,80.78,97.24,685,9488,501,415,2921,399,16164,9436,14977,94,3620
53,Mayenne,2,2ème circonscription,77756,12404,15.95,65352,84.05,1510,1.94,2.31,541,0.7,0.83,63301,81.41,96.86,762,9062,471,533,3489,430,16522,10075,18354,107,3496
53,Mayenne,3,3ème circonscription,71899,11686,16.25,60213,83.75,1398,1.94,2.32,584,0.81,0.97,58231,80.99,96.71,795,8248,655,577,3697,353,14252,10954,15441,128,3131
54,Meurthe-et-Moselle,1,1ère circonscription,79265,16219,20.46,63046,79.54,948,1.2,1.5,335,0.42,0.53,61763,77.92,97.96,660,12849,357,453,2852,575,16123,10481,12252,122,5039
54,Meurthe-et-Moselle,2,2ème circonscription,68590,14525,21.18,54065,78.82,750,1.09,1.39,264,0.38,0.49,53051,77.35,98.12,480,10013,275,370,2126,534,15409,7970,11477,113,4284
54,Meurthe-et-Moselle,3,3ème circonscription,82832,21881,26.42,60951,73.58,1076,1.3,1.77,381,0.46,0.63,59494,71.82,97.61,850,15754,521,465,2640,534,12152,15710,7647,108,3113
54,Meurthe-et-Moselle,4,4ème circonscription,98018,19650,20.05,78368,79.95,1458,1.49,1.86,488,0.5,0.62,76422,77.97,97.52,945,13228,741,794,4404,640,14659,24399,12484,120,4008
54,Meurthe-et-Moselle,5,5ème circonscription,78690,14762,18.76,63928,81.24,1097,1.39,1.72,416,0.53,0.65,62415,79.32,97.63,746,10342,528,596,3841,601,12221,19544,10276,144,3576
54,Meurthe-et-Moselle,6,6ème circonscription,87696,19558,22.3,68138,77.7,1140,1.3,1.67,477,0.54,0.7,66521,75.85,97.63,802,15114,526,558,3468,574,13139,20090,8518,126,3606
55,Meuse,1,1ère circonscription,77365,14971,19.35,62394,80.65,1092,1.41,1.75,488,0.63,0.78,60814,78.61,97.47,841,9094,491,766,4000,541,11690,19725,10675,126,2865
55,Meuse,2,2ème circonscription,60269,12884,21.38,47385,78.62,815,1.35,1.72,339,0.56,0.72,46231,76.71,97.56,589,6926,395,528,2802,315,9023,14877,8612,111,2053
56,Morbihan,1,1ère circonscription,105402,16729,15.87,88673,84.13,1396,1.32,1.57,406,0.39,0.46,86871,82.42,97.97,839,13148,416,714,3637,570,27188,11225,22572,168,6394
56,Morbihan,2,2ème circonscription,104343,16802,16.1,87541,83.9,1422,1.36,1.62,683,0.65,0.78,85436,81.88,97.6,1133,15123,524,955,4036,631,22842,14430,19093,147,6522
56,Morbihan,3,3ème circonscription,90733,13333,14.69,77400,85.31,1390,1.53,1.8,737,0.81,0.95,75273,82.96,97.25,1183,12474,625,874,4027,511,20363,16000,14349,149,4718
56,Morbihan,4,4ème circonscription,105130,16314,15.52,88816,84.48,1787,1.7,2.01,639,0.61,0.72,86390,82.17,97.27,1219,14859,718,820,4652,592,21685,18351,17886,172,5436
56,Morbihan,5,5ème circonscription,80730,17349,21.49,63381,78.51,1167,1.45,1.84,363,0.45,0.57,61851,76.61,97.59,721,12229,411,512,2369,436,18581,9180,11611,107,5694
56,Morbihan,6,6ème circonscription,90674,15586,17.19,75088,82.81,1356,1.5,1.81,718,0.79,0.96,73014,80.52,97.24,1214,14187,597,945,3690,509,19980,13741,12389,158,5604
57,Moselle,1,1ère circonscription,91406,21638,23.67,69768,76.33,1316,1.44,1.89,359,0.39,0.51,68093,74.5,97.6,736,13990,547,494,3058,692,15685,17667,11070,111,4043
57,Moselle,2,2ème circonscription,76507,17392,22.73,59115,77.27,1033,1.35,1.75,333,0.44,0.56,57749,75.48,97.69,550,9867,359,479,3157,608,13997,13318,11833,125,3456
57,Moselle,3,3ème circonscription,75312,17760,23.58,57552,76.42,876,1.16,1.52,319,0.42,0.55,56357,74.83,97.92,621,9986,334,467,2873,532,14170,12845,10746,110,3673
57,Moselle,4,4ème circonscription,81516,15861,19.46,65655,80.54,1294,1.59,1.97,387,0.47,0.59,63974,78.48,97.44,783,8124,672,845,4994,623,11131,21566,12508,146,2582
57,Moselle,5,5ème circonscription,74010,16672,22.53,57338,77.47,1220,1.65,2.13,445,0.6,0.78,55673,75.22,97.1,810,7551,593,1028,3949,588,10347,18203,10176,132,2296
57,Moselle,6,6ème circonscription,70169,19653,28.01,50516,71.99,967,1.38,1.91,336,0.48,0.67,49213,70.13,97.42,660,9799,469,488,2840,574,8312,16574,7085,110,2302
57,Moselle,7,7ème circonscription,90402,20474,22.65,69928,77.35,1422,1.57,2.03,395,0.44,0.56,68111,75.34,97.4,918,11547,704,707,4367,701,12315,22883,10585,145,3239
57,Moselle,8,8ème circonscription,92473,26011,28.13,66462,71.87,1405,1.52,2.11,395,0.43,0.59,64662,69.93,97.29,978,16261,597,504,2862,831,12995,18229,7377,115,3913
57,Moselle,9,9ème circonscription,99476,22040,22.16,77436,77.84,1613,1.62,2.08,429,0.43,0.55,75394,75.79,97.36,919,12992,654,751,4425,828,18786,17267,14623,173,3976
58,Nièvre,1,1ère circonscription,76928,18669,24.27,58259,75.73,1335,1.74,2.29,362,0.47,0.62,56562,73.53,97.09,683,11446,429,584,2920,445,13219,13637,9389,114,3696
58,Nièvre,2,2ème circonscription,82498,16799,20.36,65699,79.64,1198,1.45,1.82,649,0.79,0.99,63852,77.4,97.19,862,11631,573,779,3523,513,14135,16178,11382,120,4156
59,Nord,1,1ère circonscription,61682,16195,26.26,45487,73.74,602,0.98,1.32,305,0.49,0.67,44580,72.27,98.01,457,13556,285,208,1243,474,10702,6894,6043,69,4649
59,Nord,2,2ème circonscription,86550,20246,23.39,66304,76.61,1056,1.22,1.59,419,0.48,0.63,64829,74.9,97.78,638,18592,411,351,2280,719,15483,11678,8738,111,5828
59,Nord,3,3ème circonscription,94050,24800,26.37,69250,73.63,1182,1.26,1.71,529,0.56,0.76,67539,71.81,97.53,676,13854,640,488,3213,558,10739,24608,9486,101,3176
59,Nord,4,4ème circonscription,99215,20639,20.8,78576,79.2,1167,1.18,1.49,493,0.5,0.63,76916,77.52,97.89,634,13928,438,449,3485,553,20464,13634,18249,155,4927
59,Nord,5,5ème circonscription,99888,18895,18.92,80993,81.08,1576,1.58,1.95,490,0.49,0.6,78927,79.02,97.45,693,15103,559,457,4404,605,17140,21834,13364,157,4611
59,Nord,6,6ème circonscription,89060,14299,16.06,74761,83.94,1194,1.34,1.6,428,0.48,0.57,73139,82.12,97.83,499,11560,451,483,4010,493,17764,16583,17385,108,3803
59,Nord,7,7ème circonscription,72350,16307,22.54,56043,77.46,913,1.26,1.63,374,0.52,0.67,54756,75.68,97.7,447,11805,301,264,2503,546,12590,11021,12013,98,3168
59,Nord,8,8ème circonscription,67704,22166,32.74,45538,67.26,818,1.21,1.8,394,0.58,0.87,44326,65.47,97.34,452,13122,352,217,1559,619,9047,11074,4834,75,2975
59,Nord,9,9ème circonscription,91893,22015,23.96,69878,76.04,887,0.97,1.27,335,0.36,0.48,68656,74.71,98.25,529,12619,305,377,2416,556,17196,9493,20736,99,4330
59,Nord,10,10ème circonscription,81911,22732,27.75,59179,72.25,1029,1.26,1.74,402,0.49,0.68,57748,70.5,97.58,591,12364,408,374,2925,575,11436,15515,10441,87,3032
59,Nord,11,11ème circonscription,92042,22171,24.09,69871,75.91,1071,1.16,1.53,473,0.51,0.68,68327,74.23,97.79,687,15554,510,419,3131,576,15082,15402,11516,124,5326
59,Nord,12,12ème circonscription,93593,21069,22.51,72524,77.49,1290,1.38,1.78,579,0.62,0.8,70655,75.49,97.42,650,13741,672,533,3961,476,11237,25451,10910,114,2910
59,Nord,13,13ème circonscription,89193,21897,24.55,67296,75.45,1628,1.83,2.42,512,0.57,0.76,65156,73.05,96.82,886,16051,729,435,3124,709,10873,21483,7009,117,3740
59,Nord,14,14ème circonscription,98767,18309,18.54,80458,81.46,1523,1.54,1.89,658,0.67,0.82,78277,79.25,97.29,923,13291,721,715,4770,561,14282,25531,13785,153,3545
59,Nord,15,15ème circonscription,95832,17345,18.1,78487,81.9,1386,1.45,1.77,669,0.7,0.85,76432,79.76,97.38,914,13247,737,639,4522,513,14747,22788,14615,122,3588
59,Nord,16,16ème circonscription,82976,19423,23.41,63553,76.59,1199,1.44,1.89,505,0.61,0.79,61849,74.54,97.32,628,16138,650,374,2634,412,9238,22920,5747,111,2997
59,Nord,17,17ème circonscription,73591,16794,22.82,56797,77.18,1004,1.36,1.77,416,0.57,0.73,55377,75.25,97.5,535,12300,432,327,2562,457,9685,18212,7925,104,2838
59,Nord,18,18ème circonscription,91651,20866,22.77,70785,77.23,1358,1.48,1.92,423,0.46,0.6,69004,75.29,97.48,646,11401,702,441,4309,562,11721,24584,11665,130,2843
59,Nord,19,19ème circonscription,79065,18324,23.18,60741,76.82,1060,1.34,1.75,437,0.55,0.72,59244,74.93,97.54,543,14078,585,300,2481,460,8731,23318,5726,87,2935
59,Nord,20,20ème circonscription,81085,21831,26.92,59254,73.08,1033,1.27,1.74,503,0.62,0.85,57718,71.18,97.41,595,12987,587,319,2816,443,9102,21696,6525,110,2538
59,Nord,21,21ème circonscription,82570,20750,25.13,61820,74.87,1084,1.31,1.75,388,0.47,0.63,60348,73.09,97.62,528,12824,500,365,2897,583,11464,18311,9998,106,2772
60,Oise,1,1ère circonscription,83057,16821,20.25,66236,79.75,1211,1.46,1.83,540,0.65,0.82,64485,77.64,97.36,824,10558,665,508,3462,542,12260,22370,10227,117,2952
60,Oise,2,2ème circonscription,88723,16677,18.8,72046,81.2,1290,1.45,1.79,518,0.58,0.72,70238,79.17,97.49,777,10866,681,586,4181,565,12630,24588,12279,140,2945
60,Oise,3,3ème circonscription,73830,16461,22.3,57369,77.7,1067,1.45,1.86,486,0.66,0.85,55816,75.6,97.29,617,13010,456,404,2945,890,10476,16511,7373,106,3028
60,Oise,4,4ème circonscription,92482,17481,18.9,75001,81.1,1168,1.26,1.56,353,0.38,0.47,73480,79.45,97.97,570,10701,368,609,3880,803,16260,18405,18532,123,3229
60,Oise,5,5ème circonscription,72727,15048,20.69,57679,79.31,1034,1.42,1.79,336,0.46,0.58,56309,77.43,97.62,609,9940,458,452,3088,592,11802,16875,9613,93,2787
60,Oise,6,6ème circonscription,75206,14937,19.86,60269,80.14,1080,1.44,1.79,363,0.48,0.6,58826,78.22,97.61,621,10214,540,434,3100,531,11809,17998,10895,116,2568
60,Oise,7,7ème circonscription,76060,15829,20.81,60231,79.19,1190,1.56,1.98,402,0.53,0.67,58639,77.1,97.36,665,12126,509,421,3280,743,11445,18429,7864,132,3025
61,Orne,1,1ère circonscription,69542,12636,18.17,56906,81.83,1101,1.58,1.93,393,0.57,0.69,55412,79.68,97.37,727,8317,477,503,3091,346,12806,11988,13868,112,3177
61,Orne,2,2ème circonscription,67550,12581,18.62,54969,81.38,943,1.4,1.72,340,0.5,0.62,53686,79.48,97.67,642,7069,453,488,3132,418,10022,14441,14621,115,2285
61,Orne,3,3ème circonscription,71642,13123,18.32,58519,81.68,1132,1.58,1.93,428,0.6,0.73,56959,79.51,97.33,778,9156,583,489,3421,527,12987,13103,12595,123,3197
62,Pas-de-Calais,1,1ère circonscription,104255,17367,16.66,86888,83.34,1636,1.57,1.88,711,0.68,0.82,84541,81.09,97.3,909,12604,842,688,4806,592,15177,29692,15515,145,3571
62,Pas-de-Calais,2,2ème circonscription,85270,15957,18.71,69313,81.29,1226,1.44,1.77,578,0.68,0.83,67509,79.17,97.4,708,12648,612,533,3470,500,16214,16303,12082,122,4317
62,Pas-de-Calais,3,3ème circonscription,85594,22847,26.69,62747,73.31,1137,1.33,1.81,594,0.69,0.95,61016,71.29,97.24,675,15277,716,316,2292,501,8664,24370,4690,105,3410
62,Pas-de-Calais,4,4ème circonscription,88511,16659,18.82,71852,81.18,1359,1.54,1.89,633,0.72,0.88,69860,78.93,97.23,739,9989,665,505,3731,391,16375,19005,15480,99,2881
62,Pas-de-Calais,5,5ème circonscription,89795,20519,22.85,69276,77.15,1012,1.13,1.46,606,0.67,0.87,67658,75.35,97.66,754,14078,681,479,3118,361,14247,19552,10357,129,3902
62,Pas-de-Calais,6,6ème circonscription,91172,14922,16.37,76250,83.63,1372,1.5,1.8,702,0.77,0.92,74176,81.36,97.28,752,11896,725,616,4548,394,13628,24616,13240,145,3616
62,Pas-de-Calais,7,7ème circonscription,93184,22613,24.27,70571,75.73,1242,1.33,1.76,671,0.72,0.95,68658,73.68,97.29,699,13719,632,473,3614,505,11790,24632,9183,117,3294
62,Pas-de-Calais,8,8ème circonscription,92986,19418,20.88,73568,79.12,1241,1.33,1.69,732,0.79,0.99,71595,77,97.32,775,13464,945,566,3625,402,14360,23579,10146,129,3604
62,Pas-de-Calais,9,9ème circonscription,79203,15829,19.99,63374,80.01,1139,1.44,1.8,572,0.72,0.9,61663,77.85,97.3,584,11287,572,454,3409,392,12064,19587,10103,104,3107
62,Pas-de-Calais,10,10ème circonscription,90289,22106,24.48,68183,75.52,1249,1.38,1.83,656,0.73,0.96,66278,73.41,97.21,797,14069,784,404,2898,407,10113,26364,6569,114,3759
62,Pas-de-Calais,11,11ème circonscription,94861,23566,24.84,71295,75.16,1286,1.36,1.8,655,0.69,0.92,69354,73.11,97.28,760,16039,665,391,2780,603,10088,28556,5698,92,3682
62,Pas-de-Calais,12,12ème circonscription,95248,22391,23.51,72857,76.49,1452,1.52,1.99,561,0.59,0.77,70844,74.38,97.24,850,14272,828,407,3136,436,10962,29891,6014,107,3941
63,Puy-de-Dôme,1,1ère circonscription,83422,19963,23.93,63459,76.07,1238,1.48,1.95,535,0.64,0.84,61686,73.94,97.21,729,14961,405,792,2306,578,18118,9538,8837,130,5292
63,Puy-de-Dôme,2,2ème circonscription,87847,16744,19.06,71103,80.94,1509,1.72,2.12,715,0.81,1.01,68879,78.41,96.87,1036,14781,587,1515,3340,550,17512,13625,10949,141,4843
63,Puy-de-Dôme,3,3ème circonscription,89014,17553,19.72,71461,80.28,1323,1.49,1.85,552,0.62,0.77,69586,78.17,97.38,774,13551,413,1412,2742,471,20907,8812,14979,164,5361
63,Puy-de-Dôme,4,4ème circonscription,98579,18990,19.26,79589,80.74,1737,1.76,2.18,595,0.6,0.75,77257,78.37,97.07,1089,18008,598,1532,3526,599,21289,13259,11559,181,5617
63,Puy-de-Dôme,5,5ème circonscription,102077,20075,19.67,82002,80.33,1944,1.9,2.37,889,0.87,1.08,79169,77.56,96.55,1102,17116,696,2097,3731,712,18971,17796,12108,139,4701
64,Pyrénées-Atlantiques,1,1ère circonscription,68721,13893,20.22,54828,79.78,923,1.34,1.68,368,0.54,0.67,53537,77.9,97.65,578,11042,198,2208,2115,417,15837,7528,9026,71,4517
64,Pyrénées-Atlantiques,2,2ème circonscription,80056,14203,17.74,65853,82.26,1031,1.29,1.57,446,0.56,0.68,64376,80.41,97.76,667,12131,244,3549,2657,449,18992,9984,10869,82,4752
64,Pyrénées-Atlantiques,3,3ème circonscription,82776,15365,18.56,67411,81.44,1162,1.4,1.72,531,0.64,0.79,65718,79.39,97.49,843,13684,334,5391,2653,460,16752,10962,9123,75,5441
64,Pyrénées-Atlantiques,4,4ème circonscription,80215,14772,18.42,65443,81.58,1142,1.42,1.75,412,0.51,0.63,63889,79.65,97.63,1647,12527,389,10290,2161,363,14272,7535,9959,92,4654
64,Pyrénées-Atlantiques,5,5ème circonscription,90986,18439,20.27,72547,79.73,1160,1.27,1.6,434,0.48,0.6,70953,77.98,97.8,1016,14900,268,3514,2575,616,18681,9515,14081,86,5701
64,Pyrénées-Atlantiques,6,6ème circonscription,99624,20685,20.76,78939,79.24,1267,1.27,1.61,492,0.49,0.62,77180,77.47,97.77,1620,14519,366,4930,2566,477,19424,8852,18800,102,5524
65,Hautes-Pyrénées,1,1ère circonscription,88184,17789,20.17,70395,79.83,1188,1.35,1.69,661,0.75,0.94,68546,77.73,97.37,818,16332,370,3322,2827,489,17681,12280,9146,90,5191
65,Hautes-Pyrénées,2,2ème circonscription,89314,16454,18.42,72860,81.58,1232,1.38,1.69,633,0.71,0.87,70995,79.49,97.44,760,15763,396,3606,3041,534,17321,13650,11079,110,4735
66,Pyrénées-Orientales,1,1ère circonscription,70971,16617,23.41,54354,76.59,833,1.17,1.53,429,0.6,0.79,53092,74.81,97.68,531,11380,272,718,1937,468,10380,14811,9749,100,2746
66,Pyrénées-Orientales,2,2ème circonscription,96684,19929,20.61,76755,79.39,1240,1.28,1.62,721,0.75,0.94,74794,77.36,97.45,792,14390,406,1222,2776,582,12954,25581,12921,125,3045
66,Pyrénées-Orientales,3,3ème circonscription,83066,17818,21.45,65248,78.55,1092,1.31,1.67,740,0.89,1.13,63416,76.34,97.19,838,14425,343,1252,2255,572,11743,17473,10633,109,3773
66,Pyrénées-Orientales,4,4ème circonscription,97193,19620,20.19,77573,79.81,1398,1.44,1.8,690,0.71,0.89,75485,77.67,97.31,892,16197,456,1442,2773,681,14168,22304,12562,119,3891
67,Bas-Rhin,1,1ère circonscription,60939,12963,21.27,47976,78.73,513,0.84,1.07,224,0.37,0.47,47239,77.52,98.46,428,11723,186,286,1098,596,13528,4602,10100,61,4631
67,Bas-Rhin,2,2ème circonscription,69497,15669,22.55,53828,77.45,676,0.97,1.26,339,0.49,0.63,52813,75.99,98.11,519,12061,311,450,1990,679,14019,8284,9687,103,4710
67,Bas-Rhin,3,3ème circonscription,68848,16104,23.39,52744,76.61,734,1.07,1.39,310,0.45,0.59,51700,75.09,98.02,479,11281,296,416,2251,734,13129,8704,10471,87,3852
67,Bas-Rhin,4,4ème circonscription,94497,17127,18.12,77370,81.88,1130,1.2,1.46,457,0.48,0.59,75783,80.2,97.95,600,10101,419,681,4713,747,19073,16195,19294,132,3828
67,Bas-Rhin,5,5ème circonscription,104112,20218,19.42,83894,80.58,1615,1.55,1.93,732,0.7,0.87,81547,78.33,97.2,1035,10807,786,1003,6239,922,16831,22978,17208,171,3567
67,Bas-Rhin,6,6ème circonscription,96016,18557,19.33,77459,80.67,1329,1.38,1.72,616,0.64,0.8,75514,78.65,97.49,847,9626,651,984,5579,773,15743,20688,17062,198,3363
67,Bas-Rhin,7,7ème circonscription,85419,16108,18.86,69311,81.14,1149,1.35,1.66,692,0.81,1,67470,78.99,97.34,818,7557,752,946,5595,778,12568,21499,14343,144,2470
67,Bas-Rhin,8,8ème circonscription,94578,18868,19.95,75710,80.05,1481,1.57,1.96,694,0.73,0.92,73535,77.75,97.13,1047,7156,885,881,6345,784,13435,24218,16151,154,2479
67,Bas-Rhin,9,9ème circonscription,92642,18739,20.23,73903,79.77,1169,1.26,1.58,549,0.59,0.74,72185,77.92,97.68,780,8064,559,772,5443,824,14928,20427,17179,156,3053
68,Haut-Rhin,1,1ère circonscription,76090,16489,21.67,59601,78.33,1237,1.63,2.08,392,0.52,0.66,57972,76.19,97.27,672,8158,477,675,3708,812,12663,15018,12697,148,2944
68,Haut-Rhin,2,2ème circonscription,92204,17339,18.81,74865,81.19,1489,1.61,1.99,594,0.64,0.79,72782,78.94,97.22,897,10154,598,1145,5433,852,14668,19220,16269,176,3370
68,Haut-Rhin,3,3ème circonscription,85594,16604,19.4,68990,80.6,1441,1.68,2.09,504,0.59,0.73,67045,78.33,97.18,725,7690,486,853,5540,766,12058,18098,18225,178,2426
68,Haut-Rhin,4,4ème circonscription,102534,19940,19.45,82594,80.55,1821,1.78,2.2,680,0.66,0.82,80093,78.11,96.97,1078,11434,697,989,6282,1028,14107,25916,15033,195,3334
68,Haut-Rhin,5,5ème circonscription,77394,18772,24.26,58622,75.74,1509,1.95,2.57,179,0.23,0.31,56934,73.56,97.12,539,9227,349,604,3176,786,13012,11931,13851,129,3330
68,Haut-Rhin,6,6ème circonscription,92373,21251,23.01,71122,76.99,1576,1.71,2.22,462,0.5,0.65,69084,74.79,97.13,816,11193,494,738,4423,973,13290,19521,14162,184,3290
69,Rhône,1,1ère circonscription,69433,14500,20.88,54933,79.12,0,0,0,969,1.4,1.76,53964,77.72,98.24,467,12709,236,386,1753,552,16094,6190,10825,108,4644
69,Rhône,2,2ème circonscription,74940,14424,19.25,60516,80.75,0,0,0,864,1.15,1.43,59652,79.6,98.57,486,15388,190,322,1212,455,17625,4116,13886,85,5887
69,Rhône,3,3ème circonscription,72007,14114,19.6,57893,80.4,0,0,0,953,1.32,1.65,56940,79.08,98.35,480,14070,221,345,1545,578,17266,5129,11420,102,5784
69,Rhône,4,4ème circonscription,80092,15161,18.93,64931,81.07,0,0,0,964,1.2,1.48,63967,79.87,98.52,412,11467,194,369,1687,553,20099,5349,18634,103,5100
69,Rhône,5,5ème circonscription,88108,18105,20.55,70003,79.45,921,1.05,1.32,275,0.31,0.39,68807,78.09,98.29,416,9823,211,432,2624,580,19505,9103,22233,83,3797
69,Rhône,6,6ème circonscription,82377,21517,26.12,60860,73.88,910,1.1,1.5,321,0.39,0.53,59629,72.39,97.98,550,15791,347,368,2052,717,16538,7813,9893,101,5459
69,Rhône,7,7ème circonscription,67959,20546,30.23,47413,69.77,653,0.96,1.38,293,0.43,0.62,46467,68.38,98,448,12340,248,296,1733,662,11268,8095,7816,77,3484
69,Rhône,8,8ème circonscription,102599,19707,19.21,82892,80.79,1401,1.37,1.69,486,0.47,0.59,81005,78.95,97.72,625,11726,423,770,4816,746,19402,16314,22117,137,3929
69,Rhône,9,9ème circonscription,91672,18231,19.89,73441,80.11,1299,1.42,1.77,449,0.49,0.61,71693,78.21,97.62,647,10508,323,714,4196,710,16193,17236,17448,109,3609
69,Rhône,10,10ème circonscription,95229,16748,17.59,78481,82.41,1155,1.21,1.47,428,0.45,0.55,76898,80.75,97.98,535,10956,304,696,4891,710,20249,13590,20760,128,4079
69,Rhône,11,11ème circonscription,92433,18359,19.86,74074,80.14,1365,1.48,1.84,388,0.42,0.52,72321,78.24,97.63,601,13423,375,699,3997,730,17628,16922,14104,119,3723
69,Rhône,12,12ème circonscription,79772,16019,20.08,63753,79.92,922,1.16,1.45,245,0.31,0.38,62586,78.46,98.17,432,10703,311,466,2679,567,17637,8688,17057,96,3950
69,Rhône,13,13ème circonscription,84726,18681,22.05,66045,77.95,1067,1.26,1.62,338,0.4,0.51,64640,76.29,97.87,499,11198,261,475,3351,781,15715,15408,13551,104,3297
69,Rhône,14,14ème circonscription,74321,23027,30.98,51294,69.02,950,1.28,1.85,429,0.58,0.84,49915,67.16,97.31,552,15009,420,364,1890,846,10932,10532,5907,92,3371
70,Haute-Saône,1,1ère circonscription,88490,16698,18.87,71792,81.13,1420,1.6,1.98,865,0.98,1.2,69507,78.55,96.82,967,10533,613,727,4343,583,14097,20688,13661,138,3157
70,Haute-Saône,2,2ème circonscription,90724,18278,20.15,72446,79.85,1400,1.54,1.93,1031,1.14,1.42,70015,77.17,96.64,1054,11617,712,785,3833,623,13235,23065,11523,129,3439
71,Saône-et-Loire,1,1ère circonscription,72884,15180,20.83,57704,79.17,1192,1.64,2.07,381,0.52,0.66,56131,77.01,97.27,555,9843,313,570,3459,529,13572,11457,11973,99,3761
71,Saône-et-Loire,2,2ème circonscription,78438,15421,19.66,63017,80.34,1420,1.81,2.25,644,0.82,1.02,60953,77.71,96.72,678,10384,490,750,4386,432,13368,14255,12923,107,3180
71,Saône-et-Loire,3,3ème circonscription,82777,17618,21.28,65159,78.72,1372,1.66,2.11,584,0.71,0.9,63203,76.35,97,756,10623,444,593,3598,477,14248,16088,12266,103,4007
71,Saône-et-Loire,4,4ème circonscription,82320,17317,21.04,65003,78.96,1444,1.75,2.22,686,0.83,1.06,62873,76.38,96.72,770,11060,475,656,4165,536,12710,17670,11181,98,3552
71,Saône-et-Loire,5,5ème circonscription,89999,21219,23.58,68780,76.42,1416,1.57,2.06,575,0.64,0.84,66789,74.21,97.11,829,13339,479,584,3353,561,15314,15787,11757,102,4684
72,Sarthe,1,1ère circonscription,71726,12192,17,59534,83,1273,1.77,2.14,302,0.42,0.51,57959,80.81,97.35,610,9966,363,364,2331,361,12710,10205,17468,107,3474
72,Sarthe,2,2ème circonscription,81903,16457,20.09,65446,79.91,1632,1.99,2.49,274,0.33,0.42,63540,77.58,97.09,702,12870,461,373,2523,447,13421,13390,15358,114,3881
72,Sarthe,3,3ème circonscription,85273,14953,17.54,70320,82.46,1415,1.66,2.01,631,0.74,0.9,68274,80.07,97.09,821,11521,660,541,3108,444,12086,16409,19353,114,3217
72,Sarthe,4,4ème circonscription,79619,13853,17.4,65766,82.6,1379,1.73,2.1,468,0.59,0.71,63919,80.28,97.19,706,11588,447,401,2550,374,12084,12496,20089,109,3075
72,Sarthe,5,5ème circonscription,86919,16123,18.55,70796,81.45,1589,1.83,2.24,457,0.53,0.65,68750,79.1,97.11,726,10906,521,462,3145,448,14316,14582,19993,103,3548
73,Savoie,1,1ère circonscription,87005,16573,19.05,70432,80.95,1250,1.44,1.77,439,0.5,0.62,68743,79.01,97.6,643,11441,319,892,4078,673,16344,15293,15399,108,3553
73,Savoie,2,2ème circonscription,75950,16440,21.65,59510,78.35,1114,1.47,1.87,445,0.59,0.75,57951,76.3,97.38,706,10487,289,840,3535,629,11962,12774,13975,110,2644
73,Savoie,3,3ème circonscription,72640,14194,19.54,58446,80.46,996,1.37,1.7,453,0.62,0.78,56997,78.47,97.52,645,10387,334,733,3270,579,13132,13915,10723,111,3168
73,Savoie,4,4ème circonscription,74661,15560,20.84,59101,79.16,866,1.16,1.47,367,0.49,0.62,57868,77.51,97.91,584,12698,277,687,2790,727,14433,10466,10718,101,4387
74,Haute-Savoie,1,1ère circonscription,100824,18336,18.19,82488,81.81,1477,1.46,1.79,525,0.52,0.64,80486,79.83,97.57,747,12040,356,867,4986,866,21617,14197,20336,173,4301
74,Haute-Savoie,2,2ème circonscription,95027,18269,19.23,76758,80.77,1297,1.36,1.69,474,0.5,0.62,74987,78.91,97.69,683,12397,313,846,4338,933,19805,12175,18937,135,4425
74,Haute-Savoie,3,3ème circonscription,82253,16406,19.95,65847,80.05,1305,1.59,1.98,415,0.5,0.63,64127,77.96,97.39,733,10827,317,729,4409,708,14012,14223,14617,141,3411
74,Haute-Savoie,4,4ème circonscription,86717,22684,26.16,64033,73.84,1106,1.28,1.73,358,0.41,0.56,62569,72.15,97.71,690,10650,296,613,3353,985,15174,11680,15528,141,3459
74,Haute-Savoie,5,5ème circonscription,96156,21973,22.85,74183,77.15,1419,1.48,1.91,460,0.48,0.62,72304,75.19,97.47,767,11878,396,806,4209,954,16524,13893,19098,132,3647
74,Haute-Savoie,6,6ème circonscription,79054,18599,23.53,60455,76.47,1122,1.42,1.86,319,0.4,0.53,59014,74.65,97.62,643,9285,241,788,3489,575,13042,11750,16534,105,2562
75,Paris,1,1ère circonscription,80756,11228,13.9,69528,86.1,556,0.69,0.8,155,0.19,0.22,68817,85.22,98.98,263,8285,104,315,832,419,26972,2666,23670,68,5223
75,Paris,2,2ème circonscription,71736,9302,12.97,62434,87.03,492,0.69,0.79,186,0.26,0.3,61756,86.09,98.91,262,7105,97,331,806,352,22824,2359,23058,68,4494
75,Paris,3,3ème circonscription,68669,11435,16.65,57234,83.35,613,0.89,1.07,208,0.3,0.36,56413,82.15,98.57,386,11402,153,277,1059,471,20793,2986,12988,90,5808
75,Paris,4,4ème circonscription,69718,10008,14.35,59710,85.65,401,0.58,0.67,142,0.2,0.24,59167,84.87,99.09,115,3950,55,229,770,266,16987,2455,32193,51,2096
75,Paris,5,5ème circonscription,75853,11785,15.54,64068,84.46,580,0.76,0.91,237,0.31,0.37,63251,83.39,98.72,402,14474,172,284,760,431,25205,2432,10718,67,8306
75,Paris,6,6ème circonscription,76611,12912,16.85,63699,83.15,686,0.9,1.08,261,0.34,0.41,62752,81.91,98.51,552,18164,215,295,890,474,21475,2861,8607,80,9139
75,Paris,7,7ème circonscription,76041,11032,14.51,65009,85.49,610,0.8,0.94,225,0.3,0.35,64174,84.39,98.72,417,13231,163,324,917,426,25949,2655,12341,74,7677
75,Paris,8,8ème circonscription,82156,13513,16.45,68643,83.55,780,0.95,1.14,312,0.38,0.45,67551,82.22,98.41,464,14422,217,412,1597,560,23569,4211,14350,122,7627
75,Paris,9,9ème circonscription,68343,11703,17.12,56640,82.88,718,1.05,1.27,329,0.48,0.58,55593,81.34,98.15,510,13698,223,347,1212,570,19087,3703,9593,111,6539
75,Paris,10,10ème circonscription,67293,11685,17.36,55608,82.64,632,0.94,1.14,272,0.4,0.49,54704,81.29,98.37,407,12716,202,330,1244,563,18896,3649,10156,94,6447
75,Paris,11,11ème circonscription,70966,9758,13.75,61208,86.25,543,0.77,0.89,188,0.26,0.31,60477,85.22,98.81,350,9765,157,304,917,443,23464,2502,16145,92,6338
75,Paris,12,12ème circonscription,73940,10166,13.75,63774,86.25,542,0.73,0.85,225,0.3,0.35,63007,85.21,98.8,242,6893,115,331,1078,425,22532,2842,24267,73,4209
75,Paris,13,13ème circonscription,75350,11830,15.7,63520,84.3,622,0.83,0.98,250,0.33,0.39,62648,83.14,98.63,342,9044,150,364,1424,532,22370,3666,19512,82,5162
75,Paris,14,14ème circonscription,72316,10397,14.38,61919,85.62,339,0.47,0.55,180,0.25,0.29,61400,84.91,99.16,118,3559,53,194,879,297,16742,2556,34999,50,1953
75,Paris,15,15ème circonscription,76216,14714,19.31,61502,80.69,714,0.94,1.16,298,0.39,0.48,60490,79.37,98.35,610,18514,240,337,1203,612,18721,3733,8163,100,8257
75,Paris,16,16ème circonscription,70283,14405,20.5,55878,79.5,631,0.9,1.13,279,0.4,0.5,54968,78.21,98.37,461,16776,249,284,909,510,16446,3136,8860,74,7263
75,Paris,17,17ème circonscription,58153,13384,23.02,44769,76.98,563,0.97,1.26,311,0.53,0.69,43895,75.48,98.05,456,14996,179,222,706,519,12374,2682,5964,72,5725
75,Paris,18,18ème circonscription,67237,10943,16.28,56294,83.72,605,0.9,1.07,195,0.29,0.35,55494,82.53,98.58,442,13554,153,310,794,465,20600,2625,9160,104,7287
76,Seine-Maritime,1,1ère circonscription,65496,14490,22.12,51006,77.88,772,1.18,1.51,254,0.39,0.5,49980,76.31,97.99,499,11768,213,271,1537,416,13936,5993,10819,80,4448
76,Seine-Maritime,2,2ème circonscription,94778,16206,17.1,78572,82.9,1356,1.43,1.73,393,0.41,0.5,76823,81.06,97.77,715,12903,413,473,4016,585,19169,16360,17687,137,4365
76,Seine-Maritime,3,3ème circonscription,69575,15976,22.96,53599,77.04,1022,1.47,1.91,315,0.45,0.59,52262,75.12,97.51,786,16386,429,267,1904,508,11208,10954,5237,97,4486
76,Seine-Maritime,4,4ème circonscription,88340,19440,22.01,68900,77.99,1463,1.66,2.12,456,0.52,0.66,66981,75.82,97.21,988,17315,585,398,2882,671,13969,17424,7324,116,5309
76,Seine-Maritime,5,5ème circonscription,96251,18054,18.76,78197,81.24,1502,1.56,1.92,480,0.5,0.61,76215,79.18,97.47,1057,15626,681,510,4016,565,16154,21230,11544,165,4667
76,Seine-Maritime,6,6ème circonscription,109605,21438,19.56,88167,80.44,1756,1.6,1.99,556,0.51,0.63,85855,78.33,97.38,972,15797,813,616,4455,510,15772,26900,16305,164,3551
76,Seine-Maritime,7,7ème circonscription,87582,18988,21.68,68594,78.32,1627,1.86,2.37,131,0.15,0.19,66836,76.31,97.44,662,15895,359,454,2996,455,15760,12917,13315,117,3906
76,Seine-Maritime,8,8ème circonscription,67636,18980,28.06,48656,71.94,1296,1.92,2.66,41,0.06,0.08,47319,69.96,97.25,549,16514,327,232,1799,409,8427,11245,4988,89,2740
76,Seine-Maritime,9,9ème circonscription,93651,15930,17.01,77721,82.99,1531,1.63,1.97,502,0.54,0.65,75688,80.82,97.38,1014,15634,703,558,4445,512,14077,21642,13162,134,3807
76,Seine-Maritime,10,10ème circonscription,108744,17792,16.36,90952,83.64,1760,1.62,1.94,625,0.57,0.69,88567,81.45,97.38,1079,14556,833,604,4986,574,17284,26280,17955,179,4237
77,Seine-et-Marne,1,1ère circonscription,70891,17286,24.38,53605,75.62,929,1.31,1.73,345,0.49,0.64,52331,73.82,97.62,495,10671,295,397,3112,617,12598,10356,10784,96,2910
77,Seine-et-Marne,2,2ème circonscription,79697,15765,19.78,63932,80.22,981,1.23,1.53,382,0.48,0.6,62569,78.51,97.87,580,10680,356,495,3582,665,14689,13232,14645,127,3518
77,Seine-et-Marne,3,3ème circonscription,75449,14898,19.75,60551,80.25,1169,1.55,1.93,322,0.43,0.53,59060,78.28,97.54,555,12390,320,445,3767,704,12042,15273,9983,98,3483
77,Seine-et-Marne,4,4ème circonscription,87907,17333,19.72,70574,80.28,1321,1.5,1.87,496,0.56,0.7,68757,78.22,97.43,680,11727,435,608,4415,656,11888,22480,12780,132,2956
77,Seine-et-Marne,5,5ème circonscription,84928,16778,19.76,68150,80.24,1240,1.46,1.82,461,0.54,0.68,66449,78.24,97.5,594,12264,367,562,4348,801,14272,17511,12464,136,3130
77,Seine-et-Marne,6,6ème circonscription,78045,16202,20.76,61843,79.24,1163,1.49,1.88,460,0.59,0.74,60220,77.16,97.38,583,12682,353,461,3723,690,12504,16584,9399,99,3142
77,Seine-et-Marne,7,7ème circonscription,85317,16976,19.9,68341,80.1,1238,1.45,1.81,423,0.5,0.62,66680,78.16,97.57,569,14754,360,454,3852,864,14820,16232,11177,118,3480
77,Seine-et-Marne,8,8ème circonscription,89117,17689,19.85,71428,80.15,1317,1.48,1.84,425,0.48,0.6,69686,78.2,97.56,622,14748,313,518,3791,796,19772,11528,12939,132,4527
77,Seine-et-Marne,9,9ème circonscription,85704,18307,21.36,67397,78.64,1192,1.39,1.77,346,0.4,0.51,65859,76.84,97.72,569,13077,349,466,4846,763,16269,13905,11770,122,3723
77,Seine-et-Marne,10,10ème circonscription,79711,17948,22.52,61763,77.48,1165,1.46,1.89,452,0.57,0.73,60146,75.46,97.38,574,15702,311,438,2799,932,16168,9539,9138,107,4438
77,Seine-et-Marne,11,11ème circonscription,64792,14120,21.79,50672,78.21,1359,2.1,2.68,177,0.27,0.35,49136,75.84,96.97,533,13172,247,341,3293,709,12351,8969,5966,80,3475
78,Yvelines,1,1ère circonscription,83366,14045,16.85,69321,83.15,823,0.99,1.19,275,0.33,0.4,68223,81.84,98.42,395,9912,181,432,2355,699,20452,6109,22242,114,5332
78,Yvelines,2,2ème circonscription,85323,12847,15.06,72476,84.94,897,1.05,1.24,298,0.35,0.41,71281,83.54,98.35,407,9737,209,546,3028,651,23015,7546,21371,144,4627
78,Yvelines,3,3ème circonscription,83492,14528,17.4,68964,82.6,716,0.86,1.04,279,0.33,0.4,67969,81.41,98.56,367,7693,174,416,2293,479,20029,6157,26525,98,3738
78,Yvelines,4,4ème circonscription,78395,13039,16.63,65356,83.37,800,1.02,1.22,280,0.36,0.43,64276,81.99,98.35,355,8900,178,405,2439,575,21680,5985,19504,96,4159
78,Yvelines,5,5ème circonscription,73673,14284,19.39,59389,80.61,703,0.95,1.18,264,0.36,0.44,58422,79.3,98.37,374,8946,184,337,1988,543,18526,5744,18103,100,3577
78,Yvelines,6,6ème circonscription,75762,15632,20.63,60130,79.37,773,1.02,1.29,281,0.37,0.47,59076,77.98,98.25,395,8988,188,398,2106,597,18244,6195,18440,105,3420
78,Yvelines,7,7ème circonscription,80529,16113,20.01,64416,79.99,1007,1.25,1.56,334,0.41,0.52,63075,78.33,97.92,549,11761,306,528,3113,700,17945,9850,13663,108,4552
78,Yvelines,8,8ème circonscription,73760,17929,24.31,55831,75.69,1058,1.43,1.9,418,0.57,0.75,54355,73.69,97.36,586,14322,337,406,2613,858,11864,11838,7901,116,3514
78,Yvelines,9,9ème circonscription,90878,17307,19.04,73571,80.96,1288,1.42,1.75,485,0.53,0.66,71798,79,97.59,632,13519,421,559,4074,927,16860,15110,15352,135,4209
78,Yvelines,10,10ème circonscription,88776,13933,15.69,74843,84.31,1039,1.17,1.39,370,0.42,0.49,73434,82.72,98.12,516,11482,282,597,3892,780,20483,10322,19875,147,5058
78,Yvelines,11,11ème circonscription,68238,15159,22.21,53079,77.79,860,1.26,1.62,349,0.51,0.66,51870,76.01,97.72,417,11276,197,363,2303,685,13794,6272,9846,95,6622
78,Yvelines,12,12ème circonscription,68956,12669,18.37,56287,81.63,877,1.27,1.56,263,0.38,0.47,55147,79.97,97.97,455,9804,215,384,2702,653,16169,6896,14013,100,3756
79,Deux-Sèvres,1,1ère circonscription,90254,17570,19.47,72684,80.53,1361,1.51,1.87,801,0.89,1.1,70522,78.14,97.03,998,15069,510,780,3261,520,21366,9862,12055,118,5983
79,Deux-Sèvres,2,2ème circonscription,97398,18014,18.5,79384,81.5,1678,1.72,2.11,874,0.9,1.1,76832,78.88,96.79,1337,15714,780,1058,4050,535,19434,15235,13068,157,5464
79,Deux-Sèvres,3,3ème circonscription,84752,15377,18.14,69375,81.86,1592,1.88,2.29,739,0.87,1.07,67044,79.11,96.64,1148,10826,579,761,4045,423,17026,13543,15072,118,3503
80,Somme,1,1ère circonscription,84262,19219,22.81,65043,77.19,1238,1.47,1.9,602,0.71,0.93,63203,75.01,97.17,733,13702,605,434,2662,468,14488,18207,8525,98,3281
80,Somme,2,2ème circonscription,75497,15662,20.75,59835,79.25,941,1.25,1.57,362,0.48,0.6,58532,77.53,97.82,586,12221,420,361,2429,511,16973,11051,10276,110,3594
80,Somme,3,3ème circonscription,83829,14855,17.72,68974,82.28,1429,1.7,2.07,722,0.86,1.05,66823,79.71,96.88,737,11551,710,571,3565,353,12664,22271,11828,141,2432
80,Somme,4,4ème circonscription,83987,14605,17.39,69382,82.61,1290,1.54,1.86,602,0.72,0.87,67490,80.36,97.27,786,11024,677,522,3703,500,14057,22234,11148,142,2697
80,Somme,5,5ème circonscription,81439,16148,19.83,65291,80.17,1226,1.51,1.88,477,0.59,0.73,63588,78.08,97.39,819,10993,699,477,3103,440,11338,23318,10057,88,2256
81,Tarn,1,1ère circonscription,83803,14884,17.76,68919,82.24,1203,1.44,1.75,814,0.97,1.18,66902,79.83,97.07,698,12496,364,2221,3284,469,15363,14582,12963,124,4338
81,Tarn,2,2ème circonscription,106030,18546,17.49,87484,82.51,1488,1.4,1.7,1030,0.97,1.18,84966,80.13,97.12,1056,19522,546,2340,4065,670,18766,18522,12974,162,6343
81,Tarn,3,3ème circonscription,101361,17077,16.85,84284,83.15,1605,1.58,1.9,790,0.78,0.94,81889,80.79,97.16,967,16076,487,2544,4091,683,17626,19298,15115,153,4849
82,Tarn-et-Garonne,1,1ère circonscription,89968,16061,17.85,73907,82.15,1241,1.38,1.68,613,0.68,0.83,72053,80.09,97.49,720,13924,384,1679,3441,650,15510,17463,13650,129,4503
82,Tarn-et-Garonne,2,2ème circonscription,93382,16570,17.74,76812,82.26,1310,1.4,1.71,754,0.81,0.98,74748,80.05,97.31,853,13917,446,1981,3792,687,14809,21720,12342,137,4064
83,Var,1,1ère circonscription,74822,19430,25.97,55392,74.03,849,1.13,1.53,270,0.36,0.49,54273,72.54,97.98,411,9140,204,606,2308,598,10631,13813,14139,96,2327
83,Var,2,2ème circonscription,90494,20233,22.36,70261,77.64,1305,1.44,1.86,367,0.41,0.52,68589,75.79,97.62,529,11838,284,880,3512,587,12615,21476,14184,107,2577
83,Var,3,3ème circonscription,100795,20017,19.86,80778,80.14,1304,1.29,1.61,419,0.42,0.52,79055,78.43,97.87,558,11851,279,959,3723,740,15044,21927,20910,128,2936
83,Var,4,4ème circonscription,106247,22310,21,83937,79,1213,1.14,1.45,487,0.46,0.58,82237,77.4,97.97,629,10699,293,907,3804,805,12945,25768,23988,142,2257
83,Var,5,5ème circonscription,96198,20183,20.98,76015,79.02,981,1.02,1.29,448,0.47,0.59,74586,77.53,98.12,461,8866,250,619,3522,728,12697,23067,22240,97,2039
83,Var,6,6ème circonscription,118396,23218,19.61,95178,80.39,1584,1.34,1.66,545,0.46,0.57,93049,78.59,97.76,718,15415,333,1170,4800,832,16156,30956,19203,141,3325
83,Var,7,7ème circonscription,103518,23260,22.47,80258,77.53,1288,1.24,1.6,400,0.39,0.5,78570,75.9,97.9,543,12796,289,813,3485,646,14523,22451,20243,131,2650
83,Var,8,8ème circonscription,104307,20456,19.61,83851,80.39,1334,1.28,1.59,438,0.42,0.52,82079,78.69,97.89,806,13579,342,979,4023,924,13986,26918,17409,135,2978
84,Vaucluse,1,1ère circonscription,72960,17805,24.4,55155,75.6,832,1.14,1.51,371,0.51,0.67,53952,73.95,97.82,485,14033,238,532,1880,605,10941,13132,8876,113,3117
84,Vaucluse,2,2ème circonscription,83274,15746,18.91,67528,81.09,1139,1.37,1.69,392,0.47,0.58,65997,79.25,97.73,531,11902,256,881,3163,517,12596,19885,13315,104,2847
84,Vaucluse,3,3ème circonscription,75536,14573,19.29,60963,80.71,1047,1.39,1.72,342,0.45,0.56,59574,78.87,97.72,496,10738,283,726,2934,495,9656,21066,10919,100,2161
84,Vaucluse,4,4ème circonscription,88654,16784,18.93,71870,81.07,1431,1.61,1.99,418,0.47,0.58,70021,78.98,97.43,652,11935,336,1015,3538,640,12057,23642,13643,127,2436
84,Vaucluse,5,5ème circonscription,81710,15677,19.19,66033,80.81,1140,1.4,1.73,392,0.48,0.59,64501,78.94,97.68,641,12248,277,832,2912,631,12885,18212,12793,99,2971
85,Vendée,1,1ère circonscription,109552,17106,15.61,92446,84.39,1710,1.56,1.85,1052,0.96,1.14,89684,81.86,97.01,1171,14245,710,749,5141,585,24770,16081,21039,167,5026
85,Vendée,2,2ème circonscription,103486,16598,16.04,86888,83.96,1689,1.63,1.94,889,0.86,1.02,84310,81.47,97.03,1035,13688,635,794,4726,563,22695,15676,19600,140,4758
85,Vendée,3,3ème circonscription,122127,22040,18.05,100087,81.95,1587,1.3,1.59,894,0.73,0.89,97606,79.92,97.52,959,13437,642,881,5599,662,23726,19531,27797,128,4244
85,Vendée,4,4ème circonscription,97841,13100,13.39,84741,86.61,2044,2.09,2.41,845,0.86,1,81852,83.66,96.59,1178,11591,759,701,4996,494,22801,12411,22849,164,3908
85,Vendée,5,5ème circonscription,81455,14043,17.24,67412,82.76,1250,1.53,1.85,785,0.96,1.16,65377,80.26,96.98,876,10194,548,685,3749,401,15997,13891,15519,97,3420
86,Vienne,1,1ère circonscription,79610,15917,19.99,63693,80.01,1227,1.54,1.93,513,0.64,0.81,61953,77.82,97.27,948,13932,488,726,2858,501,16918,10387,9974,133,5088
86,Vienne,2,2ème circonscription,77533,14493,18.69,63040,81.31,1141,1.47,1.81,437,0.56,0.69,61462,79.27,97.5,845,13769,417,652,2877,456,17506,8277,11222,123,5318
86,Vienne,3,3ème circonscription,74137,14290,19.28,59847,80.72,1316,1.78,2.2,751,1.01,1.25,57780,77.94,96.55,1014,10839,639,836,3172,483,13032,13124,11058,146,3437
86,Vienne,4,4ème circonscription,75734,17427,23.01,58307,76.99,1057,1.4,1.81,697,0.92,1.2,56553,74.67,96.99,835,10521,530,647,3013,456,11690,15236,10449,158,3018
87,Haute-Vienne,1,1ère circonscription,85076,16834,19.79,68242,80.21,1358,1.6,1.99,906,1.06,1.33,65978,77.55,96.68,933,15406,559,1034,2755,470,17895,11673,9628,141,5484
87,Haute-Vienne,2,2ème circonscription,97847,17523,17.91,80324,82.09,1671,1.71,2.08,1124,1.15,1.4,77529,79.23,96.52,1133,17149,700,1383,3555,559,20154,14289,12965,155,5487
87,Haute-Vienne,3,3ème circonscription,83399,16263,19.5,67136,80.5,1449,1.74,2.16,780,0.94,1.16,64907,77.83,96.68,978,13994,591,1101,2975,528,17528,11975,9928,144,5165
88,Vosges,1,1ère circonscription,77066,16243,21.08,60823,78.92,1191,1.55,1.96,516,0.67,0.85,59116,76.71,97.19,748,10270,466,641,3515,561,12582,15944,11024,104,3261
88,Vosges,2,2ème circonscription,73276,15337,20.93,57939,79.07,1196,1.63,2.06,535,0.73,0.92,56208,76.71,97.01,804,9183,529,639,3353,623,10574,18607,9042,100,2754
88,Vosges,3,3ème circonscription,65636,12190,18.57,53446,81.43,1283,1.95,2.4,444,0.68,0.83,51719,78.8,96.77,877,8649,513,799,3667,584,10463,13562,9959,129,2517
88,Vosges,4,4ème circonscription,66634,12623,18.94,54011,81.06,1050,1.58,1.94,502,0.75,0.93,52459,78.73,97.13,800,8422,496,671,3788,455,9985,15811,9554,122,2355
89,Yonne,1,1ère circonscription,76975,15910,20.67,61065,79.33,1149,1.49,1.88,357,0.46,0.58,59559,77.37,97.53,640,9772,407,736,3779,629,12950,14870,12414,119,3243
89,Yonne,2,2ème circonscription,75754,16387,21.63,59367,78.37,1081,1.43,1.82,421,0.56,0.71,57865,76.39,97.47,725,9938,472,636,3683,477,11245,16906,11032,107,2644
89,Yonne,3,3ème circonscription,89189,20442,22.92,68747,77.08,1174,1.32,1.71,444,0.5,0.65,67129,75.27,97.65,763,11105,501,615,4206,669,12039,20864,13293,115,2959
90,Territoire de Belfort,1,1ère circonscription,47817,10915,22.83,36902,77.17,716,1.5,1.94,329,0.69,0.89,35857,74.99,97.17,424,6421,256,325,1971,454,7220,10171,6547,83,1985
90,Territoire de Belfort,2,2ème circonscription,47523,10693,22.5,36830,77.5,684,1.44,1.86,429,0.9,1.16,35717,75.16,96.98,462,7251,336,343,1799,487,7552,9078,6121,84,2204
91,Essonne,1,1ère circonscription,71168,18506,26,52662,74,1067,1.5,2.03,465,0.65,0.88,51130,71.84,97.09,628,15182,327,369,2531,787,12905,8159,6429,103,3710
91,Essonne,2,2ème circonscription,90695,16745,18.46,73950,81.54,1311,1.45,1.77,495,0.55,0.67,72144,79.55,97.56,669,13730,404,583,5047,805,15783,17574,13781,145,3623
91,Essonne,3,3ème circonscription,95774,16725,17.46,79049,82.54,1305,1.36,1.65,560,0.58,0.71,77184,80.59,97.64,723,15793,372,655,4980,848,19088,15201,14313,153,5058
91,Essonne,4,4ème circonscription,96472,15934,16.52,80538,83.48,1309,1.36,1.63,440,0.46,0.55,78789,81.67,97.83,720,14394,340,630,5156,894,21973,13375,16048,151,5108
91,Essonne,5,5ème circonscription,68257,11261,16.5,56996,83.5,736,1.08,1.29,250,0.37,0.44,56010,82.06,98.27,387,10670,185,400,2077,555,19213,4434,13481,130,4478
91,Essonne,6,6ème circonscription,81929,16223,19.8,65706,80.2,949,1.16,1.44,366,0.45,0.56,64391,78.59,98,534,14645,280,437,3077,827,19262,8227,11539,149,5414
91,Essonne,7,7ème circonscription,74142,16837,22.71,57305,77.29,915,1.23,1.6,394,0.53,0.69,55996,75.53,97.72,510,13101,278,441,3384,768,14134,9656,9614,98,4012
91,Essonne,8,8ème circonscription,76390,15168,19.86,61222,80.14,827,1.08,1.35,288,0.38,0.47,60107,78.68,98.18,443,12394,190,264,11222,653,14360,7790,9007,89,3695
91,Essonne,9,9ème circonscription,79226,16009,20.21,63217,79.79,992,1.25,1.57,398,0.5,0.63,61827,78.04,97.8,551,13700,283,379,4869,756,15496,10292,11433,122,3946
91,Essonne,10,10ème circonscription,61174,14032,22.94,47142,77.06,829,1.36,1.76,409,0.67,0.87,45904,75.04,97.37,590,12783,265,310,2449,621,11175,7753,6829,101,3028
92,Hauts-de-Seine,1,1ère circonscription,62383,16029,25.69,46354,74.31,1198,1.92,2.58,223,0.36,0.48,44933,72.03,96.93,457,17266,245,267,1081,946,10641,5176,5087,76,3691
92,Hauts-de-Seine,2,2ème circonscription,67876,11661,17.18,56215,82.82,858,1.26,1.53,240,0.35,0.43,55117,81.2,98.05,364,10355,181,323,1316,560,18749,3795,14990,96,4388
92,Hauts-de-Seine,3,3ème circonscription,81028,14189,17.51,66839,82.49,1224,1.51,1.83,53,0.07,0.08,65562,80.91,98.09,348,9227,153,362,1919,651,22775,4771,20907,104,4345
92,Hauts-de-Seine,4,4ème circonscription,76065,14997,19.72,61068,80.28,1148,1.51,1.88,256,0.34,0.42,59664,78.44,97.7,490,15799,232,351,1702,868,18044,5699,11743,120,4616
92,Hauts-de-Seine,5,5ème circonscription,70269,11671,16.61,58598,83.39,695,0.99,1.19,314,0.45,0.54,57589,81.96,98.28,381,10756,176,309,1357,668,18001,4231,17572,103,4035
92,Hauts-de-Seine,6,6ème circonscription,74221,10493,14.14,63728,85.86,693,0.93,1.09,215,0.29,0.34,62820,84.64,98.58,291,6369,125,300,1273,465,17645,4062,29530,79,2681
92,Hauts-de-Seine,7,7ème circonscription,86563,13901,16.06,72662,83.94,861,0.99,1.18,232,0.27,0.32,71569,82.68,98.5,331,8452,177,470,2002,591,23749,5189,26562,133,3913
92,Hauts-de-Seine,8,8ème circonscription,68737,10681,15.54,58056,84.46,772,1.12,1.33,120,0.17,0.21,57164,83.16,98.46,322,8192,152,375,1520,557,19423,3837,18797,80,3909
92,Hauts-de-Seine,9,9ème circonscription,68013,13340,19.61,54673,80.39,749,1.1,1.37,0,0,0,53924,79.28,98.63,182,5346,68,255,1027,383,17616,2633,23748,65,2601
92,Hauts-de-Seine,10,10ème circonscription,80592,15250,18.92,65342,81.08,1133,1.41,1.73,88,0.11,0.13,64121,79.56,98.13,367,11119,161,374,1675,656,23290,4256,16504,107,5612
92,Hauts-de-Seine,11,11ème circonscription,69206,12867,18.59,56339,81.41,816,1.18,1.45,309,0.45,0.55,55214,79.78,98,540,15421,272,364,1504,623,17261,4784,8775,88,5582
92,Hauts-de-Seine,12,12ème circonscription,92760,16698,18,76062,82,1047,1.13,1.38,426,0.46,0.56,74589,80.41,98.06,551,14156,305,517,2726,790,24289,7106,17930,150,6069
92,Hauts-de-Seine,13,13ème circonscription,89017,14938,16.78,74079,83.22,1495,1.68,2.02,92,0.1,0.12,72492,81.44,97.86,409,12831,200,480,2257,695,25204,5192,19408,144,5672
93,Seine-Saint-Denis,1,1ère circonscription,61738,18913,30.63,42825,69.37,632,1.02,1.48,383,0.62,0.89,41810,67.72,97.63,501,16059,275,211,918,728,10541,4065,4327,91,4094
93,Seine-Saint-Denis,2,2ème circonscription,54054,18200,33.67,35854,66.33,659,1.22,1.84,428,0.79,1.19,34767,64.32,96.97,502,15006,262,171,647,638,7671,3927,2680,81,3182
93,Seine-Saint-Denis,3,3ème circonscription,72227,15171,21,57056,79,985,1.36,1.73,415,0.57,0.73,55656,77.06,97.55,563,14077,286,383,2458,736,15867,7867,9108,103,4208
93,Seine-Saint-Denis,4,4ème circonscription,60819,18299,30.09,42520,69.91,1109,1.82,2.61,318,0.52,0.75,41093,67.57,96.64,478,16620,257,213,1049,711,8491,6208,3855,86,3125
93,Seine-Saint-Denis,5,5ème circonscription,63728,19696,30.91,44032,69.09,899,1.41,2.04,456,0.72,1.04,42677,66.97,96.92,499,15468,289,243,1293,741,9547,7009,4757,87,2744
93,Seine-Saint-Denis,6,6ème circonscription,52564,15260,29.03,37304,70.97,628,1.19,1.68,329,0.63,0.88,36347,69.15,97.43,360,14219,333,177,683,509,8753,3806,3706,76,3725
93,Seine-Saint-Denis,7,7ème circonscription,75887,19616,25.85,56271,74.15,873,1.15,1.55,326,0.43,0.58,55072,72.57,97.87,778,22093,296,299,1010,719,13631,4854,4869,95,6428
93,Seine-Saint-Denis,8,8ème circonscription,60044,13455,22.41,46589,77.59,1024,1.71,2.2,232,0.39,0.5,45333,75.5,97.3,411,11016,209,326,1977,590,11568,7174,8699,112,3251
93,Seine-Saint-Denis,9,9ème circonscription,70118,18146,25.88,51972,74.12,951,1.36,1.83,314,0.45,0.6,50707,72.32,97.57,547,17417,328,317,1352,705,12443,5705,6608,106,5179
93,Seine-Saint-Denis,10,10ème circonscription,68564,19376,28.26,49188,71.74,993,1.45,2.02,326,0.48,0.66,47869,69.82,97.32,517,15317,254,284,1792,967,10976,6923,7026,83,3730
93,Seine-Saint-Denis,11,11ème circonscription,62536,17945,28.7,44591,71.3,757,1.21,1.7,536,0.86,1.2,43298,69.24,97.1,497,15543,252,253,1422,874,9880,7049,4666,89,2773
93,Seine-Saint-Denis,12,12ème circonscription,64023,16622,25.96,47401,74.04,794,1.24,1.68,359,0.56,0.76,46248,72.24,97.57,395,11202,197,282,1982,813,10663,8869,8717,79,3049
94,Val-de-Marne,1,1ère circonscription,84583,15539,18.37,69044,81.63,1007,1.19,1.46,384,0.45,0.56,67653,79.98,97.99,502,12682,223,459,2944,761,19932,6764,18678,121,4587
94,Val-de-Marne,2,2ème circonscription,63262,14152,22.37,49110,77.63,969,1.53,1.97,413,0.65,0.84,47728,75.44,97.19,508,15346,380,284,1923,785,12025,5763,6635,96,3983
94,Val-de-Marne,3,3ème circonscription,72042,15848,22,56194,78,1083,1.5,1.93,350,0.49,0.62,54761,76.01,97.45,505,13915,235,348,4319,761,12753,9230,9069,89,3537
94,Val-de-Marne,4,4ème circonscription,72443,13582,18.75,58861,81.25,937,1.29,1.59,369,0.51,0.63,57555,79.45,97.78,470,11487,217,391,3270,680,15991,8544,12935,94,3476
94,Val-de-Marne,5,5ème circonscription,89365,19891,22.26,69474,77.74,1089,1.22,1.57,331,0.37,0.48,68054,76.15,97.96,441,14428,234,473,2666,731,20338,7305,16760,132,4546
94,Val-de-Marne,6,6ème circonscription,81214,14441,17.78,66773,82.22,811,1,1.21,285,0.35,0.43,65677,80.87,98.36,446,13133,196,397,1868,531,22014,4653,16763,118,5558
94,Val-de-Marne,7,7ème circonscription,65531,14558,22.22,50973,77.78,847,1.29,1.66,323,0.49,0.63,49803,76,97.7,466,11994,246,326,2383,585,14778,6045,8944,81,3955
94,Val-de-Marne,8,8ème circonscription,76702,13713,17.88,62989,82.12,933,1.22,1.48,351,0.46,0.56,61705,80.45,97.96,405,11473,258,429,2578,632,18700,6562,15901,106,4661
94,Val-de-Marne,9,9ème circonscription,53598,13203,24.63,40395,75.37,721,1.35,1.78,330,0.62,0.82,39344,73.41,97.4,410,12314,259,253,1404,571,9699,5105,5401,77,3851
94,Val-de-Marne,10,10ème circonscription,64408,14254,22.13,50154,77.87,762,1.18,1.52,370,0.57,0.74,49022,76.11,97.74,593,17655,266,306,1449,725,12648,5055,5670,89,4566
94,Val-de-Marne,11,11ème circonscription,62392,14887,23.86,47505,76.14,766,1.23,1.61,254,0.41,0.53,46485,74.5,97.85,480,14685,235,291,1448,541,13324,4852,6058,63,4508
95,Val-d'Oise,1,1ère circonscription,81533,15210,18.66,66323,81.34,1260,1.55,1.9,368,0.45,0.55,64695,79.35,97.55,646,13325,329,548,3500,729,14996,14338,12366,113,3805
95,Val-d'Oise,2,2ème circonscription,76435,15141,19.81,61294,80.19,1098,1.44,1.79,408,0.53,0.67,59788,78.22,97.54,464,12661,309,477,3291,810,15082,11244,11391,116,3943
95,Val-d'Oise,3,3ème circonscription,91564,18857,20.59,72707,79.41,1286,1.4,1.77,398,0.43,0.55,71023,77.57,97.68,608,15042,271,550,3815,941,18833,12719,13506,130,4608
95,Val-d'Oise,4,4ème circonscription,76024,16579,21.81,59445,78.19,1009,1.33,1.7,317,0.42,0.53,58119,76.45,97.77,487,11980,311,456,3014,690,16365,8667,11976,115,4058
95,Val-d'Oise,5,5ème circonscription,68513,17954,26.21,50559,73.79,954,1.39,1.89,343,0.5,0.68,49262,71.9,97.43,498,16515,354,314,1599,828,11810,7434,5934,83,3893
95,Val-d'Oise,6,6ème circonscription,76338,17723,23.22,58615,76.78,862,1.13,1.47,314,0.41,0.54,57439,75.24,97.99,451,12300,230,431,2175,742,16214,7657,13267,81,3891
95,Val-d'Oise,7,7ème circonscription,69534,15703,22.58,53831,77.42,897,1.29,1.67,338,0.49,0.63,52596,75.64,97.71,414,11365,231,350,2134,654,13183,8029,12842,91,3303
95,Val-d'Oise,8,8ème circonscription,54205,16766,30.93,37439,69.07,719,1.33,1.92,390,0.72,1.04,36330,67.02,97.04,411,12079,189,180,906,753,7955,5390,5598,79,2790
95,Val-d'Oise,9,9ème circonscription,69895,18181,26.01,51714,73.99,938,1.34,1.81,517,0.74,1,50259,71.91,97.19,540,12792,294,369,2278,841,10846,11389,7598,80,3232
95,Val-d'Oise,10,10ème circonscription,66456,15446,23.24,51010,76.76,1067,1.61,2.09,295,0.44,0.58,49648,74.71,97.33,531,13576,244,305,2119,727,13709,7517,6764,91,4065
971,Guadeloupe,1,1ère circonscription,76361,47213,61.83,29148,38.17,1383,1.81,4.74,2140,2.8,7.34,25625,33.56,87.91,596,6127,539,169,425,285,8351,3375,3119,109,2530
971,Guadeloupe,2,2ème circonscription,86914,51579,59.34,35335,40.66,1450,1.67,4.1,2798,3.22,7.92,31087,35.77,87.98,590,7625,497,147,585,384,9110,4677,4785,65,2622
971,Guadeloupe,3,3ème circonscription,83768,48753,58.2,35015,41.8,1547,1.85,4.42,1680,2.01,4.8,31788,37.95,90.78,613,7833,450,188,599,397,10075,4062,4429,83,3059
971,Guadeloupe,4,4ème circonscription,69302,42149,60.82,27153,39.18,1268,1.83,4.67,1892,2.73,6.97,23993,34.62,88.36,509,5554,494,154,433,253,6456,3089,4004,70,2977
972,Martinique,1,1ère circonscription,79411,46212,58.19,33199,41.81,2309,2.91,6.96,1938,2.44,5.84,28952,36.46,87.21,903,7805,665,214,629,374,7104,3372,5091,116,2679
972,Martinique,2,2ème circonscription,81795,47963,58.64,33832,41.36,2331,2.85,6.89,1773,2.17,5.24,29728,36.34,87.87,836,7458,629,240,597,332,8046,3486,5387,104,2613
972,Martinique,3,3ème circonscription,65881,39471,59.91,26410,40.09,1752,2.66,6.63,1184,1.8,4.48,23474,35.63,88.88,710,6454,460,193,446,319,5924,2215,3563,82,3108
972,Martinique,4,4ème circonscription,83725,53209,63.55,30516,36.45,1740,2.08,5.7,1450,1.73,4.75,27326,32.64,89.55,781,8241,503,224,668,382,6877,2902,4403,72,2273
973,Guyane,1,1ère circonscription,53535,32782,61.23,20753,38.77,2626,4.91,12.65,909,1.7,4.38,17218,32.16,82.97,960,4225,318,166,302,324,3152,4151,2584,57,979
973,Guyane,2,2ème circonscription,38500,27328,70.98,11172,29.02,1121,2.91,10.03,435,1.13,3.89,9616,24.98,86.07,445,2408,144,107,169,156,1879,2368,1350,41,549
974,La Réunion,1,1ère circonscription,80368,30813,38.34,49555,61.66,1249,1.55,2.52,1156,1.44,2.33,47150,58.67,95.15,509,10052,507,236,1314,851,11084,9864,9114,101,3518
974,La Réunion,2,2ème circonscription,92748,41308,44.54,51440,55.46,1767,1.91,3.44,1972,2.13,3.83,47701,51.43,92.73,641,15034,754,281,1293,848,8709,9475,7884,140,2642
974,La Réunion,3,3ème circonscription,92629,36523,39.43,56106,60.57,2154,2.33,3.84,2462,2.66,4.39,51490,55.59,91.77,730,12309,911,319,1821,1022,8184,14913,7816,151,3314
974,La Réunion,4,4ème circonscription,104763,37701,35.99,67062,64.01,1992,1.9,2.97,2600,2.48,3.88,62470,59.63,93.15,793,14050,847,325,1734,1019,9154,13691,12218,163,8476
974,La Réunion,5,5ème circonscription,83034,38532,46.41,44502,53.59,1159,1.4,2.6,1563,1.88,3.51,41780,50.32,93.88,507,9474,809,189,1083,650,7829,11480,6770,100,2889
974,La Réunion,6,6ème circonscription,75685,32792,43.33,42893,56.67,1122,1.48,2.62,1261,1.67,2.94,40510,53.52,94.44,498,9492,579,235,1151,570,8131,10847,6418,116,2473
974,La Réunion,7,7ème circonscription,110254,46560,42.23,63694,57.77,2025,1.84,3.18,2291,2.08,3.6,59378,53.86,93.22,698,15576,783,354,1727,1069,13201,11949,10288,173,3560
976,Mayotte,1,1ère circonscription,37796,21229,56.17,16567,43.83,459,1.21,2.77,730,1.93,4.41,15378,40.69,92.82,291,1450,148,103,450,218,3805,4056,3912,80,865
976,Mayotte,2,2ème circonscription,45249,25643,56.67,19606,43.33,501,1.11,2.56,1014,2.24,5.17,18091,39.98,92.27,338,1358,188,87,580,193,2598,5074,7000,86,589
988,Nouvelle-Calédonie,1,1ère circonscription,84944,42885,50.49,42059,49.51,1248,1.47,2.97,384,0.45,0.91,40427,47.59,96.12,495,4003,335,350,1301,1074,5792,10582,13878,95,2522
988,Nouvelle-Calédonie,2,2ème circonscription,104539,55372,52.97,49167,47.03,1721,1.65,3.5,927,0.89,1.89,46519,44.5,94.61,789,3700,501,345,1220,1024,5297,14708,13187,145,5603
987,Polynésie française,1,1ère circonscription,72514,42011,57.94,30503,42.06,623,0.86,2.04,907,1.25,2.97,28973,39.96,94.98,303,2214,261,184,681,423,3983,9481,10471,78,894
987,Polynésie française,2,2ème circonscription,66638,42443,63.69,24195,36.31,565,0.85,2.34,582,0.87,2.41,23048,34.59,95.26,236,1702,227,105,486,334,3844,7908,7557,64,585
987,Polynésie française,3,3ème circonscription,64784,40061,61.84,24723,38.16,566,0.87,2.29,549,0.85,2.22,23608,36.44,95.49,216,2035,202,158,600,448,3301,7210,8655,59,724
975,Saint-Pierre-et-Miquelon,1,Saint-Pierre-et-Miquelon,4966,2238,45.07,2728,54.93,70,1.41,2.57,26,0.52,0.95,2632,53,96.48,64,933,28,54,79,36,473,478,261,9,217
986,Wallis et Futuna,1,1ère circonscription,8464,3053,36.07,5411,63.93,35,0.41,0.65,28,0.33,0.52,5348,63.19,98.84,41,192,54,29,79,50,1630,380,1526,18,1349
977,Saint-Martin/Saint-Barthélemy,1,1ère circonscription,25385,17202,67.76,8183,32.24,211,0.83,2.58,107,0.42,1.31,7865,30.98,96.11,92,1153,35,68,216,112,1572,1834,2518,18,247
999,Etranger,1,1ère circonscription,199931,119288,59.66,80643,40.34,334,0.17,0.41,398,0.2,0.49,79911,39.97,99.09,369,13646,141,279,1130,691,36095,4790,16980,122,5668
999,Etranger,2,2ème circonscription,74767,50353,67.35,24414,32.65,140,0.19,0.57,165,0.22,0.68,24109,32.25,98.75,152,4673,51,114,216,244,9155,1680,6335,47,1442
999,Etranger,3,3ème circonscription,120576,61825,51.27,58751,48.73,248,0.21,0.42,269,0.22,0.46,58234,48.3,99.12,315,7807,130,192,790,470,29273,1833,12835,92,4497
999,Etranger,4,4ème circonscription,123130,54837,44.54,68293,55.46,335,0.27,0.49,208,0.17,0.3,67750,55.02,99.2,527,11899,195,331,1220,564,26268,4481,16102,154,6009
999,Etranger,5,5ème circonscription,91263,56119,61.49,35144,38.51,250,0.27,0.71,135,0.15,0.38,34759,38.09,98.9,269,6199,101,171,671,255,12169,3403,9044,60,2417
999,Etranger,6,6ème circonscription,127368,60804,47.74,66564,52.26,429,0.34,0.64,312,0.24,0.47,65823,51.68,98.89,559,9921,162,369,1598,782,22846,5318,20242,172,3854
999,Etranger,7,7ème circonscription,105776,51493,48.68,54283,51.32,222,0.21,0.41,244,0.23,0.45,53817,50.88,99.14,404,6678,118,227,830,401,28521,2192,9595,96,4755
999,Etranger,8,8ème circonscription,121400,92579,76.26,28821,23.74,123,0.1,0.43,128,0.11,0.44,28570,23.53,99.13,184,3192,103,126,454,184,10406,2065,10402,51,1403
999,Etranger,9,9ème circonscription,107607,64249,59.71,43358,40.29,311,0.29,0.72,164,0.15,0.38,42883,39.85,98.9,234,10894,102,191,490,471,14599,2028,11088,78,2708
999,Etranger,10,10ème circonscription,99748,50888,51.02,48860,48.98,437,0.44,0.89,237,0.24,0.49,48186,48.31,98.62,202,5901,113,241,728,568,14915,4731,18361,83,2343
999,Etranger,11,11ème circonscription,92547,41948,45.33,50599,54.67,340,0.37,0.67,182,0.2,0.36,50077,54.11,98.97,199,6882,96,289,710,948,19632,3405,14845,75,2996